,a.Team,a.FGM,a.FGA,a.FG%,a.3PM,a.3PA,a.3P%,a.FTM,a.FTA,a.FT%,a.OREB,a.DREB,a.REB,a.AST,a.STL,a.BLK,a.TOV,a.PF
0,MIL,38,82,46.3,12,34,35.3,17,21,81.0,7,31,38,28,5,2,14,13
1,SAS,51,104,49.0,15,38,39.5,21,30,70.0,13,56,69,31,2,3,12,13
2,GSW,58,96,60.4,27,49,55.1,14,16,87.5,9,49,58,47,13,6,16,18
3,LAC,49,100,49.0,5,23,21.7,16,24,66.7,14,39,53,22,3,5,10,18
4,DET,31,85,36.5,9,33,27.3,10,13,76.9,15,44,59,20,1,3,25,16
5,IND,46,89,51.7,19,34,55.9,30,38,78.9,8,36,44,33,8,9,15,24
6,UTA,51,101,50.5,10,35,28.6,5,6,83.3,7,38,45,31,4,4,11,16
7,NOP,40,90,44.4,3,21,14.3,25,29,86.2,11,38,49,18,13,3,15,24
8,PHI,53,101,52.5,14,32,43.8,14,19,73.7,13,37,50,31,10,5,13,23
9,CHA,37,81,45.7,6,32,18.8,26,30,86.7,10,39,49,23,8,5,19,14
10,MEM,40,92,43.5,7,37,18.9,13,18,72.2,11,32,43,25,8,4,12,16
11,SAC,37,85,43.5,11,43,25.6,10,15,66.7,10,24,34,24,7,6,15,18
12,ORL,38,90,42.2,17,47,36.2,17,24,70.8,13,30,43,29,13,1,14,17
13,HOU,44,90,48.9,6,21,28.6,20,28,71.4,13,38,51,24,8,6,15,15
14,ATL,44,97,45.4,11,39,28.2,15,19,78.9,16,34,50,27,11,5,9,12
15,DEN,41,90,45.6,15,46,32.6,17,24,70.8,5,36,41,32,7,9,14,20
16,POR,47,89,52.8,14,32,43.8,17,23,73.9,7,27,34,32,8,4,10,20
17,MIN,56,101,55.4,24,43,55.8,15,21,71.4,11,34,45,42,8,8,7,18
18,PHI,51,102,50.0,11,22,50.0,23,29,79.3,13,39,52,33,10,2,20,22
19,DET,44,90,48.9,13,31,41.9,21,26,80.8,10,32,42,24,12,6,13,24
20,GSW,41,78,52.6,16,36,44.4,21,24,87.5,10,37,47,36,6,7,24,22
21,PHX,43,104,41.3,9,36,25.0,12,14,85.7,13,34,47,23,7,10,9,12
22,HOU,42,89,47.2,7,21,33.3,21,28,75.0,14,34,48,21,11,9,19,23
23,MEM,53,93,57.0,20,42,47.6,11,15,73.3,11,33,44,39,9,6,12,20
24,ORL,31,87,35.6,7,38,18.4,15,17,88.2,15,42,57,17,6,6,21,19
25,NYK,38,88,43.2,14,43,32.6,15,20,75.0,7,30,37,19,5,2,10,17
26,CHI,46,88,52.3,11,31,35.5,12,18,66.7,8,42,50,24,6,4,12,15
27,MIA,43,98,43.9,15,47,31.9,7,12,58.3,14,33,47,26,7,4,16,29
28,TOR,40,93,43.0,9,31,29.0,13,17,76.5,12,23,35,21,12,2,8,17
29,DEN,44,83,53.0,8,23,34.8,19,23,82.6,9,29,38,24,7,2,13,19
30,CLE,46,88,52.3,18,38,47.4,8,9,88.9,9,33,42,31,13,7,17,21
31,POR,51,96,53.1,10,28,35.7,15,18,83.3,8,28,36,34,7,14,16,22
32,MIA,49,88,55.7,18,39,46.2,13,15,86.7,10,32,42,39,3,0,11,13
33,OKC,39,97,40.2,15,45,33.3,21,26,80.8,17,33,50,29,12,2,13,17
34,MEM,50,104,48.1,12,36,33.3,19,25,76.0,15,34,49,33,10,6,14,25
35,NYK,52,100,52.0,18,46,39.1,16,25,64.0,20,32,52,34,13,8,18,21
36,TOR,37,90,41.1,6,33,18.2,13,17,76.5,13,37,50,20,10,7,12,19
37,WAS,45,94,47.9,6,28,21.4,20,26,76.9,12,27,39,23,10,9,14,26
38,CHI,36,83,43.4,11,33,33.3,9,11,81.8,5,33,38,28,10,3,15,11
39,BKN,45,86,52.3,17,43,39.5,16,23,69.6,11,27,38,36,6,7,13,12
40,SAC,46,106,43.4,12,37,32.4,15,19,78.9,22,35,57,31,7,1,9,19
41,LAL,45,89,50.6,12,29,41.4,16,24,66.7,10,34,44,27,4,3,14,17
42,MIL,50,92,54.3,23,42,54.8,17,29,58.6,12,44,56,33,6,7,18,19
43,SAS,35,90,38.9,13,40,32.5,11,14,78.6,9,29,38,25,7,5,12,16
44,OKC,44,93,47.3,11,32,34.4,26,35,74.3,13,25,38,23,4,1,10,22
45,LAL,48,96,50.0,12,34,35.3,27,35,77.1,11,33,44,27,6,7,12,21
46,MIN,41,85,48.2,8,24,33.3,17,22,77.3,7,37,44,21,7,6,12,13
47,MIA,41,80,51.3,13,36,36.1,23,26,88.5,5,28,33,26,12,2,8,18
48,DEN,41,87,47.1,11,36,30.6,10,18,55.6,13,34,47,26,9,13,20,18
49,SAC,46,91,50.5,17,42,40.5,12,15,80.0,11,32,43,35,8,4,12,22
50,POR,42,97,43.3,14,42,33.3,11,17,64.7,13,36,49,23,7,7,10,18
51,CLE,42,84,50.0,15,31,48.4,18,20,90.0,5,25,30,23,3,7,9,16
52,TOR,42,88,47.7,15,33,45.5,21,28,75.0,10,31,41,27,13,7,7,18
53,ATL,48,86,55.8,10,28,35.7,17,19,89.5,7,41,48,26,5,7,17,18
54,BOS,38,91,41.8,15,45,33.3,10,16,62.5,13,30,43,28,4,4,8,17
55,DAL,49,95,51.6,10,38,26.3,22,32,68.8,10,37,47,24,4,3,14,15
56,PHI,40,87,46.0,12,36,33.3,12,13,92.3,11,25,36,19,3,2,11,17
57,WAS,39,79,49.4,16,37,43.2,15,18,83.3,5,33,38,26,9,5,19,18
58,SAS,52,98,53.1,13,34,38.2,25,29,86.2,14,38,52,31,8,3,18,25
59,UTA,40,91,44.0,8,32,25.0,22,30,73.3,11,41,52,24,5,1,11,23
60,TOR,56,104,53.8,8,28,28.6,8,8,100.0,15,30,45,38,8,6,8,14
61,MEM,39,84,46.4,19,43,44.2,10,12,83.3,8,39,47,29,1,3,18,22
62,PHX,46,81,56.8,13,34,38.2,23,28,82.1,5,33,38,31,4,6,13,30
63,DET,32,78,41.0,9,33,27.3,29,36,80.6,9,29,38,22,4,1,16,29
64,GSW,42,105,40.0,9,42,21.4,17,17,100.0,22,35,57,26,9,4,15,22
65,LAL,52,93,55.9,9,30,30.0,21,28,75.0,11,40,51,36,4,8,6,9
66,IND,36,83,43.4,9,24,37.5,24,29,82.8,11,33,44,21,5,6,17,26
67,POR,43,93,46.2,9,30,30.0,12,20,60.0,11,31,42,29,12,3,10,26
68,LAC,42,85,49.4,11,29,37.9,19,23,82.6,11,26,37,25,5,4,13,29
69,DAL,47,77,61.0,14,34,41.2,14,16,87.5,1,30,31,32,3,2,14,23
70,SAC,54,88,61.4,19,39,48.7,11,15,73.3,8,33,41,38,11,7,13,21
71,SAS,42,91,46.2,15,38,39.5,16,23,69.6,14,32,46,27,8,4,15,20
72,LAC,34,90,37.8,11,35,31.4,15,18,83.3,12,38,50,26,5,8,18,14
73,LAL,45,90,50.0,9,22,40.9,24,30,80.0,15,38,53,28,10,5,16,17
74,CHI,45,88,51.1,13,31,41.9,18,22,81.8,9,33,42,25,12,4,7,13
75,ATL,39,91,42.9,8,37,21.6,21,23,91.3,16,30,46,23,6,3,11,14
76,DEN,38,95,40.0,6,26,23.1,11,20,55.0,15,36,51,19,11,5,11,16
77,ORL,44,88,50.0,8,24,33.3,20,26,76.9,6,42,48,26,2,14,11,16
78,TOR,42,84,50.0,8,26,30.8,18,23,78.3,14,20,34,26,6,3,13,19
79,NYK,49,93,52.7,17,36,47.2,15,24,62.5,16,32,48,24,6,5,10,12
80,DET,43,89,48.3,11,35,31.4,18,27,66.7,13,27,40,24,7,7,12,28
81,OKC,42,88,47.7,4,30,13.3,29,34,85.3,11,34,45,21,10,3,11,24
82,UTA,46,96,47.9,9,29,31.0,13,14,92.9,13,39,52,23,3,7,18,17
83,BOS,51,91,56.0,22,43,51.2,16,20,80.0,7,40,47,28,8,5,9,18
84,NOP,38,80,47.5,13,27,48.1,18,22,81.8,8,38,46,22,6,1,12,24
85,LAC,48,78,61.5,22,37,59.5,23,31,74.2,3,29,32,28,8,4,16,21
86,HOU,46,98,46.9,9,30,30.0,13,21,61.9,20,32,52,21,9,2,10,18
87,UTA,49,90,54.4,12,31,38.7,18,20,90.0,8,37,45,28,5,6,16,17
88,DAL,38,83,45.8,18,46,39.1,14,18,77.8,8,32,40,24,3,3,14,22
89,MIA,35,79,44.3,13,39,33.3,9,14,64.3,6,29,35,20,5,0,11,18
90,DET,40,80,50.0,16,33,48.5,10,14,71.4,10,32,42,27,1,3,18,22
91,MIN,40,90,44.4,12,35,34.3,8,12,66.7,16,38,54,24,4,4,21,24
92,MIL,58,93,62.4,10,25,40.0,23,30,76.7,14,38,52,28,5,5,19,18
93,SAC,42,92,45.7,18,48,37.5,18,24,75.0,10,49,59,30,9,4,10,11
94,LAL,45,86,52.3,7,20,35.0,24,30,80.0,13,32,45,22,10,3,16,14
95,BOS,45,93,48.4,11,44,25.0,10,11,90.9,7,31,38,29,5,8,12,14
96,ORL,41,100,41.0,14,49,28.6,12,15,80.0,8,39,47,24,9,8,16,15
97,CLE,47,93,50.5,9,25,36.0,15,22,68.2,10,30,40,20,5,6,8,24
98,NOP,42,90,46.7,12,27,44.4,13,14,92.9,11,30,41,30,6,4,19,18
99,MIA,32,80,40.0,10,33,30.3,18,19,94.7,12,31,43,18,6,3,16,10
100,CHA,52,94,55.3,14,35,40.0,19,30,63.3,15,37,52,34,6,7,18,24
101,HOU,42,87,48.3,7,26,26.9,24,29,82.8,13,27,40,24,6,4,14,18
102,PHX,43,101,42.6,11,36,30.6,20,22,90.9,18,31,49,31,7,7,7,20
103,MIL,45,95,47.4,14,45,31.1,22,26,84.6,15,35,50,28,5,4,9,23
104,PHI,43,89,48.3,8,30,26.7,17,22,77.3,11,29,40,18,10,3,11,20
105,MIN,44,86,51.2,9,24,37.5,22,34,64.7,11,29,40,33,6,3,6,27
106,CHI,44,82,53.7,9,23,39.1,15,21,71.4,8,26,34,26,9,3,15,11
107,NOP,49,86,57.0,12,28,42.9,14,17,82.4,8,45,53,31,5,6,17,16
108,DAL,47,83,56.6,18,37,48.6,15,17,88.2,4,29,33,29,7,8,13,23
109,HOU,35,80,43.8,6,25,24.0,15,18,83.3,12,24,36,20,6,1,19,22
110,DAL,32,84,38.1,19,49,38.8,21,22,95.5,3,34,37,18,8,7,8,24
111,SAS,36,97,37.1,8,36,22.2,13,18,72.2,3,35,38,22,7,0,10,16
112,OKC,41,94,43.6,12,35,34.3,24,28,85.7,13,29,42,23,13,2,11,19
113,BKN,37,91,40.7,8,35,22.9,24,28,85.7,15,29,44,17,7,8,15,20
114,CHI,47,87,54.0,14,31,45.2,10,13,76.9,8,34,42,32,8,2,9,23
115,WAS,38,86,44.2,16,36,44.4,12,20,60.0,12,33,45,25,6,2,18,12
116,MEM,48,89,53.9,13,33,39.4,14,19,73.7,6,33,39,28,8,7,11,22
117,MIN,34,80,42.5,17,40,42.5,14,25,56.0,9,40,49,25,10,2,17,20
118,MIL,39,88,44.3,9,36,25.0,19,21,90.5,4,36,40,26,7,2,10,19
119,PHI,34,78,43.6,13,31,41.9,24,27,88.9,8,28,36,21,3,7,13,16
120,UTA,47,91,51.6,9,28,32.1,10,16,62.5,11,34,45,30,3,7,17,14
121,NOP,51,96,53.1,21,34,61.8,8,9,88.9,12,33,45,36,11,3,16,21
122,IND,52,96,54.2,14,37,37.8,12,12,100.0,10,22,32,33,7,7,17,18
123,BKN,44,89,49.4,18,40,45.0,23,25,92.0,17,28,45,30,6,6,8,18
124,SAS,51,101,50.5,13,38,34.2,9,15,60.0,11,30,41,35,4,4,5,21
125,IND,39,84,46.4,4,26,15.4,13,22,59.1,6,38,44,24,9,4,17,16
126,DET,34,73,46.6,6,25,24.0,23,30,76.7,8,31,39,23,8,4,22,18
127,PHX,48,89,53.9,9,29,31.0,22,29,75.9,12,31,43,33,2,7,12,25
128,HOU,47,87,54.0,7,23,30.4,13,21,61.9,10,28,38,25,7,3,16,14
129,OKC,40,92,43.5,14,36,38.9,17,19,89.5,12,33,45,21,6,5,10,19
130,MIL,55,99,55.6,22,50,44.0,12,16,75.0,9,41,50,42,6,11,13,20
131,CHA,43,89,48.3,11,28,39.3,20,27,74.1,6,37,43,32,7,4,8,17
132,PHI,38,78,48.7,8,29,27.6,28,34,82.4,4,34,38,23,8,1,10,20
133,CHI,48,84,57.1,17,28,60.7,11,14,78.6,11,36,47,33,6,8,17,19
134,CHA,38,83,45.8,9,37,24.3,11,16,68.8,4,34,38,24,8,4,17,17
135,NYK,37,88,42.0,12,40,30.0,20,26,76.9,13,31,44,26,8,8,13,15
136,CLE,42,89,47.2,12,32,37.5,20,26,76.9,13,27,40,24,7,7,10,21
137,OKC,41,93,44.1,13,39,33.3,10,11,90.9,13,27,40,24,6,3,14,20
138,GSW,50,90,55.6,12,39,30.8,15,18,83.3,11,33,44,33,7,5,13,20
139,ATL,45,85,52.9,12,26,46.2,22,25,88.0,9,32,41,28,6,6,17,25
140,SAS,36,93,38.7,9,39,23.1,13,20,65.0,8,38,46,26,7,6,19,21
141,IND,43,77,55.8,11,21,52.4,21,25,84.0,8,31,39,27,4,5,18,29
142,HOU,48,93,51.6,12,33,36.4,17,23,73.9,20,28,48,27,6,3,16,25
143,DEN,42,83,50.6,15,32,46.9,19,21,90.5,11,30,41,28,7,2,10,18
144,PHI,39,82,47.6,16,37,43.2,22,26,84.6,11,33,44,30,9,4,18,22
145,PHX,42,90,46.7,12,31,38.7,15,20,75.0,12,27,39,23,7,6,17,31
146,NYK,42,82,51.2,16,40,40.0,20,25,80.0,9,33,42,29,7,5,17,25
147,POR,45,93,48.4,13,41,31.7,24,30,80.0,7,36,43,28,9,5,9,24
148,BOS,49,92,53.3,18,44,40.9,16,23,69.6,11,32,43,33,9,3,6,15
149,OKC,39,93,41.9,10,37,27.0,13,14,92.9,12,35,47,19,2,4,12,21
150,DET,37,91,40.7,13,40,32.5,20,24,83.3,9,26,35,20,8,2,10,26
151,WAS,42,83,50.6,10,32,31.3,18,23,78.3,4,29,33,30,7,4,14,23
152,CLE,42,83,50.6,14,29,48.3,17,21,81.0,8,26,34,23,6,3,14,20
153,SAS,30,87,34.5,13,41,31.7,11,19,57.9,10,27,37,22,8,3,16,19
154,SAC,41,97,42.3,19,52,36.5,19,25,76.0,8,35,43,28,5,3,6,20
155,CHI,39,94,41.5,7,33,21.2,24,29,82.8,4,38,42,20,12,7,11,18
156,MIN,51,83,61.4,14,24,58.3,24,32,75.0,7,27,34,34,9,4,15,24
157,GSW,44,88,50.0,17,48,35.4,16,19,84.2,16,32,48,31,12,6,20,14
158,IND,37,82,45.1,9,26,34.6,26,34,76.5,13,35,48,27,5,6,22,26
159,DAL,39,84,46.4,11,36,30.6,19,20,95.0,8,29,37,22,5,4,12,19
160,ATL,48,101,47.5,5,22,22.7,17,20,85.0,20,31,51,21,4,4,12,13
161,PHX,44,92,47.8,15,36,41.7,17,24,70.8,9,31,40,31,7,9,14,31
162,MIA,38,79,48.1,13,39,33.3,23,25,92.0,8,34,42,33,4,4,10,17
163,TOR,44,99,44.4,14,34,41.2,9,12,75.0,9,32,41,25,6,4,7,15
164,ORL,41,102,40.2,10,38,26.3,13,17,76.5,13,31,44,24,8,3,8,28
165,DEN,42,80,52.5,12,23,52.2,12,13,92.3,6,34,40,31,5,3,17,17
166,LAC,43,94,45.7,12,28,42.9,19,23,82.6,18,31,49,26,11,3,10,18
167,NOP,42,85,49.4,13,31,41.9,20,24,83.3,10,29,39,28,7,4,10,23
168,ORL,42,84,50.0,10,31,32.3,19,25,76.0,9,36,45,23,14,5,18,22
169,MIN,39,85,45.9,5,23,21.7,24,28,85.7,9,33,42,27,5,2,15,23
170,GSW,39,91,42.9,13,35,37.1,28,34,82.4,15,27,42,27,3,8,13,21
171,BOS,42,88,47.7,22,51,43.1,11,16,68.8,5,35,40,30,2,2,8,17
172,MIA,35,82,42.7,10,37,27.0,19,24,79.2,14,25,39,23,4,2,14,10
173,DEN,43,84,51.2,12,33,36.4,12,15,80.0,6,27,33,30,3,2,13,21
174,SAC,48,86,55.8,22,37,59.5,14,23,60.9,7,37,44,34,7,7,8,22
175,PHI,54,88,61.4,15,35,42.9,18,22,81.8,6,24,30,31,11,6,8,17
176,MEM,49,101,48.5,14,38,36.8,14,21,66.7,15,37,52,27,13,9,17,24
177,PHI,46,92,50.0,10,32,31.3,19,25,76.0,14,48,62,24,9,9,15,19
178,DAL,40,79,50.6,16,34,47.1,15,19,78.9,7,28,35,27,8,4,15,26
179,GSW,47,98,48.0,11,40,27.5,14,20,70.0,16,38,54,28,6,9,17,20
180,BOS,41,87,47.1,15,42,35.7,29,35,82.9,18,34,52,29,12,2,18,19
181,WAS,35,76,46.1,8,23,34.8,16,20,80.0,6,32,38,22,5,6,17,19
182,MIN,46,100,46.0,18,42,42.9,21,31,67.7,14,36,50,33,6,8,16,24
183,NOP,39,82,47.6,12,28,42.9,22,25,88.0,8,27,35,22,8,5,9,17
184,DEN,47,89,52.8,8,24,33.3,17,25,68.0,13,34,47,29,9,7,10,15
185,SAC,32,82,39.0,13,41,31.7,24,32,75.0,13,44,57,22,2,5,12,17
186,OKC,40,94,42.6,13,31,41.9,18,20,90.0,11,28,39,18,5,4,13,17
187,ORL,43,86,50.0,8,28,28.6,19,23,82.6,11,36,47,25,7,3,19,20
188,IND,54,97,55.7,22,46,47.8,9,15,60.0,8,34,42,36,5,3,10,20
189,GSW,49,88,55.7,17,36,47.2,11,15,73.3,7,29,36,28,5,1,16,25
190,MEM,46,91,50.5,18,46,39.1,9,14,64.3,12,27,39,29,6,1,16,20
191,DAL,44,86,51.2,17,33,51.5,32,37,86.5,10,42,52,23,4,4,19,25
192,SAC,38,78,48.7,18,42,42.9,23,29,79.3,5,40,45,26,6,3,20,19
193,BOS,34,84,40.5,12,40,30.0,24,30,80.0,8,36,44,20,7,5,11,22
194,LAL,34,90,37.8,11,44,25.0,31,37,83.8,11,25,36,21,7,3,10,17
195,PHI,39,75,52.0,17,36,47.2,23,27,85.2,13,33,46,24,8,6,20,21
196,CLE,45,88,51.1,14,30,46.7,16,19,84.2,8,22,30,29,8,6,9,19
197,DEN,42,76,55.3,6,25,24.0,20,25,80.0,4,28,32,29,9,4,14,17
198,LAL,40,82,48.8,18,39,46.2,25,28,89.3,15,37,52,24,8,2,18,16
199,BKN,35,82,42.7,12,41,29.3,25,34,73.5,11,35,46,25,3,5,17,20
200,NYK,42,81,51.9,15,35,42.9,24,34,70.6,9,43,52,23,8,8,13,13
201,MIL,40,85,47.1,12,39,30.8,24,37,64.9,13,33,46,24,8,6,13,15
202,DET,38,99,38.4,10,34,29.4,11,12,91.7,19,25,44,18,8,3,11,19
203,ORL,44,97,45.4,10,29,34.5,16,21,76.2,13,29,42,24,7,2,9,16
204,MEM,38,83,45.8,12,37,32.4,16,19,84.2,7,40,47,23,9,3,16,17
205,UTA,43,90,47.8,16,38,42.1,13,18,72.2,16,32,48,31,7,4,18,25
206,MIN,54,92,58.7,12,28,42.9,16,23,69.6,5,32,37,39,12,10,13,22
207,MIL,50,86,58.1,15,33,45.5,18,22,81.8,5,38,43,29,2,4,13,18
208,IND,36,86,41.9,10,34,29.4,15,24,62.5,13,29,42,23,7,5,16,15
209,BOS,39,87,44.8,12,42,28.6,19,21,90.5,10,28,38,19,7,5,14,22
210,PHX,46,95,48.4,4,21,19.0,16,22,72.7,17,30,47,25,8,4,14,23
211,POR,43,88,48.9,10,33,30.3,14,20,70.0,10,36,46,26,10,2,19,21
212,BKN,42,84,50.0,17,44,38.6,21,24,87.5,4,24,28,32,11,2,10,21
213,NYK,42,88,47.7,11,37,29.7,17,21,81.0,12,34,46,18,8,3,11,18
214,OKC,36,95,37.9,10,39,25.6,20,23,87.0,12,43,55,26,8,3,9,19
215,CLE,41,87,47.1,7,27,25.9,25,34,73.5,11,29,40,18,8,3,10,22
216,WAS,34,84,40.5,6,26,23.1,19,23,82.6,6,29,35,19,4,5,10,20
217,OKC,37,80,46.3,9,28,32.1,27,32,84.4,4,34,38,17,11,2,12,17
218,CHI,44,86,51.2,15,32,46.9,16,22,72.7,13,31,44,25,7,9,14,17
219,BOS,52,95,54.7,20,42,47.6,10,12,83.3,5,35,40,35,6,6,9,21
220,MIL,43,100,43.0,21,51,41.2,9,11,81.8,7,41,48,28,9,7,17,14
221,SAC,41,85,48.2,15,35,42.9,31,37,83.8,8,31,39,19,10,2,15,19
222,MIA,42,94,44.7,11,37,29.7,19,20,95.0,5,30,35,19,8,2,17,17
223,DAL,39,85,45.9,15,43,34.9,15,23,65.2,10,33,43,25,4,3,11,17
224,IND,43,93,46.2,9,35,25.7,26,34,76.5,18,40,58,24,7,6,14,20
225,UTA,46,103,44.7,9,32,28.1,18,20,90.0,20,40,60,22,4,4,11,17
226,NYK,32,90,35.6,7,31,22.6,24,27,88.9,20,34,54,21,5,3,10,17
227,TOR,46,92,50.0,10,28,35.7,10,13,76.9,10,27,37,29,14,3,13,16
228,POR,42,80,52.5,15,36,41.7,20,30,66.7,5,31,36,24,6,3,9,17
229,ATL,42,95,44.2,15,31,48.4,15,19,78.9,13,33,46,25,9,4,14,17
230,DEN,44,90,48.9,13,35,37.1,19,20,95.0,8,25,33,32,14,4,14,14
231,BKN,42,91,46.2,16,34,47.1,24,33,72.7,12,36,48,20,7,5,15,26
232,CLE,40,86,46.5,18,43,41.9,17,21,81.0,8,26,34,25,5,6,11,20
233,CHA,43,86,50.0,8,24,33.3,19,32,59.4,13,31,44,24,11,9,13,18
234,UTA,49,88,55.7,13,34,38.2,20,21,95.2,11,31,42,27,7,8,18,26
235,GSW,36,82,43.9,15,45,33.3,23,24,95.8,8,24,32,25,9,3,17,17
236,NYK,42,101,41.6,13,50,26.0,20,31,64.5,23,35,58,27,8,1,14,25
237,BKN,41,104,39.4,14,36,38.9,17,17,100.0,15,32,47,20,10,4,14,12
238,HOU,49,107,45.8,6,17,35.3,21,29,72.4,20,38,58,18,6,6,17,22
239,TOR,37,96,38.5,13,32,40.6,13,14,92.9,15,26,41,21,12,2,12,23
240,DAL,38,88,43.2,16,46,34.8,14,19,73.7,5,29,34,24,7,0,9,18
241,CHI,46,89,51.7,8,24,33.3,17,18,94.4,9,41,50,26,9,2,9,16
242,OKC,33,88,37.5,15,43,34.9,20,21,95.2,7,30,37,23,9,2,16,13
243,CLE,39,80,48.8,9,28,32.1,17,19,89.5,7,25,32,26,13,3,17,23
244,POR,30,82,36.6,11,39,28.2,22,27,81.5,6,41,47,18,5,2,16,19
245,ATL,45,85,52.9,12,29,41.4,20,26,76.9,8,28,36,26,11,5,11,17
246,MIL,46,78,59.0,10,28,35.7,32,34,94.1,3,35,38,28,5,5,17,18
247,GSW,47,89,52.8,20,51,39.2,14,16,87.5,8,25,33,36,8,3,21,21
248,PHI,40,81,49.4,15,25,60.0,22,23,95.7,8,46,54,21,8,6,16,17
249,BKN,40,81,49.4,15,40,37.5,23,29,79.3,5,31,36,23,12,7,12,21
250,WAS,47,81,58.0,12,25,48.0,13,17,76.5,9,28,37,27,9,5,15,20
251,UTA,41,92,44.6,15,44,34.1,19,25,76.0,6,41,47,23,10,4,16,23
252,CHA,42,85,49.4,12,32,37.5,16,21,76.2,10,32,42,27,2,5,12,20
253,MEM,36,93,38.7,9,37,24.3,22,29,75.9,6,39,45,18,6,6,7,25
254,PHI,48,82,58.5,16,34,47.1,35,38,92.1,5,31,36,37,6,5,12,26
255,NOP,43,80,53.8,11,29,37.9,11,14,78.6,7,33,40,29,6,4,16,19
256,BOS,42,101,41.6,16,48,33.3,14,21,66.7,15,37,52,25,5,5,14,21
257,POR,38,78,48.7,15,33,45.5,19,25,76.0,5,33,38,28,7,6,11,17
258,TOR,43,86,50.0,10,27,37.0,17,20,85.0,11,30,41,29,6,4,15,20
259,ATL,51,92,55.4,9,29,31.0,17,23,73.9,12,25,37,28,5,0,11,25
260,GSW,36,91,39.6,18,52,34.6,15,18,83.3,7,35,42,27,2,6,13,21
261,CHA,33,88,37.5,8,30,26.7,12,15,80.0,5,44,49,17,2,3,10,19
262,PHX,49,89,55.1,12,34,35.3,20,25,80.0,9,32,41,27,5,2,9,28
263,IND,48,94,51.1,16,44,36.4,13,16,81.3,13,22,35,27,5,6,9,18
264,SAS,43,93,46.2,11,34,32.4,13,21,61.9,13,22,35,23,5,4,15,20
265,MEM,50,92,54.3,18,34,52.9,11,15,73.3,2,24,26,32,13,3,8,23
266,NYK,47,95,49.5,15,41,36.6,22,32,68.8,11,43,54,18,7,4,20,27
267,UTA,43,88,48.9,11,37,29.7,22,27,81.5,12,27,39,30,5,8,16,25
268,MIL,39,83,47.0,22,49,44.9,17,22,77.3,7,38,45,30,5,6,12,15
269,POR,39,83,47.0,16,47,34.0,28,32,87.5,9,37,46,27,9,5,17,22
270,MIN,48,80,60.0,20,39,51.3,22,31,71.0,6,34,40,31,4,6,12,21
271,ATL,37,79,46.8,9,30,30.0,26,30,86.7,10,27,37,22,12,1,16,23
272,TOR,47,90,52.2,12,30,40.0,10,14,71.4,10,24,34,30,14,4,14,21
273,DET,33,81,40.7,6,24,25.0,18,25,72.0,12,37,49,19,5,7,24,15
274,HOU,49,87,56.3,8,23,34.8,16,22,72.7,14,31,45,26,9,5,16,24
275,PHI,42,84,50.0,18,37,48.6,31,37,83.8,9,23,32,24,5,1,6,21
276,LAC,47,87,54.0,14,41,34.1,19,27,70.4,6,26,32,31,7,3,7,24
277,UTA,38,78,48.7,9,29,31.0,18,23,78.3,10,38,48,24,5,14,26,18
278,MIN,42,89,47.2,14,34,41.2,12,16,75.0,10,36,46,29,10,6,14,21
279,NYK,47,81,58.0,17,41,41.5,11,17,64.7,6,28,34,23,8,4,12,23
280,ORL,46,86,53.5,10,26,38.5,15,19,78.9,13,29,42,21,9,4,20,24
281,PHX,42,84,50.0,20,47,42.6,21,25,84.0,13,28,41,29,6,7,11,20
282,BKN,40,95,42.1,14,44,31.8,21,26,80.8,13,34,47,25,9,6,13,20
283,NOP,34,77,44.2,10,29,34.5,21,27,77.8,7,22,29,20,9,4,13,22
284,MEM,31,84,36.9,11,32,34.4,24,31,77.4,10,30,40,24,6,6,11,24
285,POR,41,87,47.1,13,39,33.3,16,20,80.0,9,25,34,22,11,7,18,15
286,LAC,32,89,36.0,9,43,20.9,18,21,85.7,9,38,47,19,5,5,16,24
287,TOR,41,92,44.6,9,33,27.3,17,17,100.0,13,30,43,28,8,7,14,21
288,PHI,45,78,57.7,12,27,44.4,24,29,82.8,5,32,37,28,9,1,14,24
289,IND,41,90,45.6,8,23,34.8,9,11,81.8,6,34,40,23,11,8,14,18
290,PHX,42,89,47.2,9,25,36.0,12,15,80.0,5,43,48,30,8,9,13,22
291,CLE,45,92,48.9,10,32,31.3,13,21,61.9,10,28,38,21,8,3,7,18
292,NOP,46,89,51.7,9,25,36.0,20,23,87.0,11,30,41,23,9,4,6,20
293,ORL,43,94,45.7,9,33,27.3,22,29,75.9,12,38,50,22,3,5,13,18
294,LAL,38,80,47.5,16,35,45.7,31,39,79.5,10,31,41,22,8,8,13,19
295,BKN,42,90,46.7,15,39,38.5,19,20,95.0,5,26,31,26,6,5,14,21
296,CHI,41,85,48.2,12,27,44.4,23,31,74.2,10,30,40,27,9,4,15,22
297,PHI,41,83,49.4,15,39,38.5,22,22,100.0,9,32,41,25,6,5,9,20
298,MEM,40,83,48.2,17,41,41.5,16,19,84.2,8,36,44,27,6,9,8,21
299,SAC,43,82,52.4,15,42,35.7,22,30,73.3,8,43,51,34,3,4,20,21
300,MIN,43,90,47.8,9,26,34.6,13,22,59.1,10,36,46,22,14,8,19,20
301,IND,41,78,52.6,11,28,39.3,31,40,77.5,5,36,41,25,3,8,9,19
302,MIL,50,102,49.0,14,37,37.8,4,12,33.3,11,44,55,32,10,3,17,21
303,SAS,39,91,42.9,8,26,30.8,16,25,64.0,9,36,45,23,9,5,14,22
304,DEN,53,92,57.6,16,37,43.2,11,16,68.8,11,32,43,40,8,5,11,10
305,POR,37,86,43.0,12,39,30.8,19,22,86.4,9,24,33,26,8,4,13,17
306,CHI,37,71,52.1,10,25,40.0,14,17,82.4,6,29,35,28,6,7,20,18
307,LAL,38,86,44.2,13,34,38.2,20,23,87.0,14,42,56,22,5,10,26,19
308,WAS,48,97,49.5,6,21,28.6,17,20,85.0,16,32,48,19,6,5,9,15
309,MIA,35,81,43.2,15,37,40.5,16,22,72.7,12,25,37,21,10,3,13,20
310,BOS,37,84,44.0,9,42,21.4,11,14,78.6,7,28,35,21,5,8,12,22
311,ORL,36,79,45.6,9,34,26.5,20,26,76.9,11,32,43,21,9,1,17,20
312,DET,42,92,45.7,3,26,11.5,19,27,70.4,10,29,39,18,12,3,9,18
313,BKN,43,87,49.4,14,39,35.9,27,29,93.1,6,31,37,20,12,6,10,21
314,LAL,42,97,43.3,6,34,17.6,21,28,75.0,17,39,56,25,9,4,11,17
315,LAC,44,90,48.9,11,34,32.4,25,30,83.3,6,32,38,24,11,5,13,25
316,PHX,40,95,42.1,8,24,33.3,13,22,59.1,19,36,55,21,4,5,12,22
317,WAS,32,76,42.1,6,28,21.4,12,23,52.2,12,30,42,22,5,1,16,18
318,MIN,38,90,42.2,17,45,37.8,11,21,52.4,10,33,43,26,11,8,16,18
319,HOU,45,100,45.0,7,26,26.9,17,25,68.0,18,30,48,24,7,2,14,26
320,TOR,36,93,38.7,9,25,36.0,12,15,80.0,13,30,43,19,4,4,14,16
321,SAC,45,85,52.9,18,43,41.9,16,24,66.7,13,35,48,32,7,1,20,21
322,TOR,33,88,37.5,7,26,26.9,22,34,64.7,10,36,46,22,9,5,8,18
323,SAS,38,97,39.2,9,34,26.5,17,21,81.0,9,32,41,21,5,6,10,21
324,DEN,36,89,40.4,11,37,29.7,11,14,78.6,11,37,48,22,4,4,15,13
325,BOS,43,86,50.0,16,36,44.4,8,12,66.7,9,35,44,20,6,4,13,22
326,NOP,40,102,39.2,8,38,21.1,18,21,85.7,13,26,39,25,11,0,7,15
327,IND,48,99,48.5,15,40,37.5,10,14,71.4,10,35,45,35,9,8,10,24
328,MIA,32,80,40.0,11,36,30.6,28,34,82.4,7,35,42,24,7,3,18,25
329,CLE,40,88,45.5,13,35,37.1,26,29,89.7,10,25,35,20,9,6,11,23
330,MIA,36,92,39.1,9,40,22.5,18,25,72.0,9,36,45,21,5,5,10,17
331,OKC,41,95,43.2,15,38,39.5,18,24,75.0,14,33,47,27,5,2,9,21
332,CHA,43,92,46.7,10,28,35.7,25,28,89.3,11,41,52,25,10,4,11,17
333,HOU,36,92,39.1,11,35,31.4,18,22,81.8,13,31,44,23,12,3,7,18
334,SAC,65,111,58.6,18,41,43.9,28,35,80.0,12,31,43,33,18,3,15,28
335,BKN,30,81,37.0,12,44,27.3,15,19,78.9,5,26,31,21,6,3,14,25
336,NYK,45,92,48.9,12,29,41.4,13,16,81.3,12,31,43,21,9,2,12,17
337,DET,37,81,45.7,17,34,50.0,15,19,78.9,6,39,45,22,5,7,21,25
338,DEN,39,84,46.4,17,36,47.2,20,23,87.0,18,29,47,30,7,4,16,20
339,OKC,45,112,40.2,8,37,21.6,21,27,77.8,20,34,54,23,8,3,11,23
340,POR,43,93,46.2,16,38,42.1,14,17,82.4,9,24,33,26,12,3,13,23
341,GSW,40,105,38.1,14,49,28.6,17,21,81.0,17,31,48,24,10,3,10,23
342,BOS,51,99,51.5,18,39,46.2,22,26,84.6,20,31,51,31,7,6,15,18
343,SAS,45,86,52.3,10,25,40.0,16,23,69.6,10,35,45,30,4,1,17,25
344,MEM,34,87,39.1,7,32,21.9,30,36,83.3,13,36,49,22,5,7,11,27
345,NOP,39,84,46.4,13,30,43.3,19,25,76.0,6,37,43,23,6,2,13,19
346,MIL,40,88,45.5,18,47,38.3,14,18,77.8,9,43,52,24,4,7,9,16
347,WAS,43,95,45.3,14,35,40.0,14,17,82.4,13,36,49,25,13,6,16,14
348,LAC,40,82,48.8,11,34,32.4,25,27,92.6,8,35,43,29,8,2,14,19
349,UTA,42,91,46.2,12,36,33.3,15,19,78.9,15,46,61,24,2,8,24,20
350,CHI,41,84,48.8,15,35,42.9,16,21,76.2,6,32,38,23,10,6,14,21
351,DET,43,84,51.2,11,29,37.9,12,16,75.0,6,29,35,24,6,4,14,16
352,DAL,39,84,46.4,14,39,35.9,17,20,85.0,6,25,31,25,8,3,12,13
353,CLE,41,82,50.0,10,30,33.3,20,25,80.0,10,25,35,23,7,5,8,17
354,HOU,30,89,33.7,10,37,27.0,26,38,68.4,14,33,47,20,5,7,18,33
355,SAS,41,107,38.3,13,38,34.2,15,20,75.0,20,38,58,24,7,6,15,24
356,NOP,39,89,43.8,7,25,28.0,17,24,70.8,13,37,50,24,5,3,15,28
357,MIA,38,83,45.8,8,28,28.6,21,29,72.4,12,29,41,19,4,3,8,18
358,NYK,45,96,46.9,14,43,32.6,18,22,81.8,10,45,55,16,2,4,10,21
359,GSW,45,83,54.2,15,34,44.1,19,27,70.4,8,28,36,28,2,1,11,22
360,WAS,45,79,57.0,17,33,51.5,19,22,86.4,5,39,44,28,5,2,16,17
361,SAC,37,83,44.6,14,38,36.8,21,24,87.5,13,27,40,23,8,4,17,21
362,ORL,43,84,51.2,13,31,41.9,14,18,77.8,9,20,29,26,6,2,19,17
363,BOS,46,99,46.5,17,50,34.0,16,20,80.0,8,36,44,28,8,1,13,26
364,BKN,35,78,44.9,12,29,41.4,24,33,72.7,10,29,39,18,3,3,10,19
365,LAL,42,95,44.2,12,37,32.4,19,21,90.5,14,42,56,24,6,5,13,16
366,UTA,43,85,50.6,15,33,45.5,22,25,88.0,11,35,46,24,5,3,19,17
367,HOU,35,86,40.7,6,24,25.0,28,31,90.3,15,27,42,17,10,2,17,15
368,WAS,48,80,60.0,12,28,42.9,18,21,85.7,9,24,33,26,10,3,17,15
369,DEN,44,76,57.9,11,28,39.3,13,15,86.7,6,33,39,34,3,4,13,18
370,ORL,38,81,46.9,8,27,29.6,16,19,84.2,7,35,42,24,8,6,18,19
371,ATL,53,108,49.1,11,28,39.3,21,21,100.0,16,26,42,26,9,4,12,15
372,NOP,39,74,52.7,9,30,30.0,16,18,88.9,4,29,33,19,13,8,19,21
373,SAS,43,85,50.6,8,21,38.1,15,20,75.0,11,24,35,27,10,1,18,21
374,MIN,48,83,57.8,9,29,31.0,19,26,73.1,10,29,39,28,8,2,12,26
375,MEM,42,84,50.0,12,34,35.3,13,21,61.9,3,31,34,24,4,5,8,22
376,DET,40,79,50.6,13,34,38.2,25,32,78.1,6,26,32,25,3,4,18,26
377,DEN,50,99,50.5,5,23,21.7,14,17,82.4,14,37,51,35,7,5,14,20
378,PHI,33,75,44.0,6,23,26.1,29,30,96.7,8,33,41,17,4,3,12,12
379,UTA,45,88,51.1,9,32,28.1,21,28,75.0,11,27,38,23,3,7,12,24
380,LAL,40,89,44.9,8,25,32.0,21,26,80.8,10,42,52,19,4,4,16,12
381,SAS,40,94,42.6,11,37,29.7,15,17,88.2,14,35,49,25,9,5,20,17
382,MIA,37,85,43.5,12,39,30.8,21,23,91.3,11,35,46,24,7,6,20,22
383,CHI,36,74,48.6,5,21,23.8,12,15,80.0,6,38,44,27,7,3,23,22
384,IND,43,95,45.3,14,40,35.0,13,17,76.5,17,16,33,27,8,3,8,18
385,DAL,47,91,51.6,20,51,39.2,14,19,73.7,7,36,43,27,4,4,16,19
386,MIL,45,90,50.0,17,39,43.6,12,16,75.0,9,40,49,28,8,4,11,13
387,CLE,48,85,56.5,10,28,35.7,12,15,80.0,12,29,41,28,9,5,14,22
388,PHX,43,93,46.2,10,33,30.3,21,24,87.5,19,34,53,25,13,2,17,24
389,HOU,35,84,41.7,7,30,23.3,18,24,75.0,10,37,47,23,11,4,18,21
390,OKC,47,83,56.6,12,24,50.0,32,35,91.4,10,19,29,29,9,3,11,26
391,MIN,41,88,46.6,15,37,40.5,10,12,83.3,7,28,35,25,7,4,18,20
392,DAL,43,88,48.9,18,43,41.9,18,19,94.7,11,28,39,34,4,0,12,19
393,NYK,43,81,53.1,11,32,34.4,11,16,68.8,4,31,35,23,1,5,12,17
394,SAS,45,107,42.1,14,42,33.3,27,34,79.4,13,38,51,21,7,3,19,32
395,CHA,45,93,48.4,8,23,34.8,18,26,69.2,11,36,47,26,9,6,13,18
396,UTA,47,87,54.0,6,24,25.0,22,29,75.9,9,37,46,31,6,6,17,20
397,PHX,39,86,45.3,7,30,23.3,22,29,75.9,9,26,35,24,14,10,11,19
398,DEN,39,84,46.4,10,33,30.3,16,24,66.7,7,32,39,24,6,5,16,15
399,CHI,42,91,46.2,5,26,19.2,16,21,76.2,8,38,46,15,4,2,12,16
400,MIL,45,99,45.5,12,47,25.5,13,18,72.2,16,35,51,24,5,7,11,20
401,DET,30,81,37.0,8,32,25.0,17,18,94.4,9,23,32,19,8,6,14,21
402,CHA,39,93,41.9,9,31,29.0,17,21,81.0,12,28,40,23,11,5,7,17
403,GSW,46,97,47.4,21,49,42.9,9,10,90.0,10,22,32,31,11,2,11,24
404,DAL,41,78,52.6,17,35,48.6,11,17,64.7,8,36,44,26,7,6,18,20
405,MIN,56,98,57.1,23,43,53.5,8,8,100.0,8,39,47,35,6,6,11,19
406,SAC,46,92,50.0,10,30,33.3,28,30,93.3,10,21,31,29,10,4,9,15
407,IND,38,78,48.7,15,33,45.5,20,28,71.4,5,26,31,24,3,5,11,25
408,SAS,35,87,40.2,9,32,28.1,19,27,70.4,7,32,39,24,11,4,16,18
409,PHI,37,83,44.6,10,31,32.3,15,20,75.0,8,29,37,20,9,3,7,16
410,CHI,32,87,36.8,7,35,20.0,18,27,66.7,11,38,49,24,9,3,20,16
411,NYK,37,81,45.7,15,43,34.9,13,19,68.4,11,32,43,21,6,2,11,22
412,PHX,43,92,46.7,9,31,29.0,21,28,75.0,16,32,48,31,10,4,15,24
413,MIN,40,85,47.1,10,35,28.6,22,26,84.6,8,28,36,24,6,7,17,16
414,ATL,38,85,44.7,12,36,33.3,19,25,76.0,10,31,41,30,4,6,12,21
415,OKC,49,94,52.1,17,34,50.0,18,20,90.0,7,30,37,32,12,2,13,18
416,MIL,47,87,54.0,16,42,38.1,17,21,81.0,7,48,55,27,4,2,16,27
417,LAC,44,92,47.8,12,30,40.0,24,30,80.0,11,35,46,20,11,5,9,19
418,SAC,52,89,58.4,21,41,51.2,15,18,83.3,7,28,35,38,9,5,10,22
419,BOS,39,83,47.0,16,37,43.2,17,21,81.0,10,41,51,25,2,5,12,22
420,CLE,44,78,56.4,12,29,41.4,14,20,70.0,7,36,43,26,9,6,17,15
421,OKC,44,91,48.4,11,32,34.4,15,21,71.4,7,29,36,21,8,3,11,10
422,DAL,41,88,46.6,15,39,38.5,27,31,87.1,17,32,49,26,6,4,14,25
423,SAS,40,90,44.4,8,26,30.8,16,17,94.1,6,32,38,25,7,3,18,23
424,PHI,30,74,40.5,7,25,28.0,30,36,83.3,8,36,44,23,4,4,12,23
425,SAC,35,82,42.7,11,42,26.2,23,27,85.2,11,27,38,23,5,5,15,22
426,CLE,46,88,52.3,15,37,40.5,15,16,93.8,8,38,46,33,7,5,13,20
427,ORL,42,91,46.2,8,23,34.8,27,30,90.0,18,34,52,25,6,2,12,18
428,DEN,34,71,47.9,6,25,24.0,24,31,77.4,3,34,37,19,6,5,22,23
429,TOR,44,101,43.6,11,36,30.6,7,12,58.3,11,31,42,24,11,3,11,16
430,LAC,44,92,47.8,16,37,43.2,30,35,85.7,9,37,46,24,8,4,13,20
431,HOU,45,89,50.6,10,30,33.3,21,27,77.8,9,25,34,29,4,8,16,18
432,WAS,39,81,48.1,13,28,46.4,32,41,78.0,6,33,39,22,10,3,16,21
433,LAL,45,94,47.9,11,32,34.4,25,33,75.8,13,31,44,30,4,3,9,20
434,DAL,39,85,45.9,14,40,35.0,21,27,77.8,10,29,39,22,9,1,14,18
435,POR,44,87,50.6,14,43,32.6,19,21,90.5,7,26,33,22,3,3,9,19
436,ATL,44,91,48.4,6,20,30.0,14,17,82.4,10,33,43,26,7,7,16,18
437,PHX,42,75,56.0,11,23,47.8,21,31,67.7,10,36,46,34,10,2,17,23
438,MIA,45,101,44.6,8,31,25.8,17,21,81.0,13,31,44,23,9,2,7,23
439,ATL,44,95,46.3,10,37,27.0,17,23,73.9,14,38,52,28,8,5,9,18
440,TOR,41,90,45.6,15,39,38.5,20,27,74.1,13,30,43,21,9,7,9,25
441,SAC,37,86,43.0,13,38,34.2,17,20,85.0,11,38,49,24,6,5,20,15
442,PHX,41,95,43.2,12,32,37.5,12,14,85.7,10,43,53,28,6,6,9,22
443,CHA,40,90,44.4,9,34,26.5,23,30,76.7,8,29,37,22,16,2,14,20
444,ORL,45,85,52.9,12,23,52.2,25,38,65.8,13,29,42,23,11,3,17,24
445,PHI,46,87,52.9,13,27,48.1,32,41,78.0,14,25,39,28,11,3,11,13
446,POR,43,88,48.9,17,41,41.5,21,23,91.3,11,27,38,25,5,2,7,17
447,MIA,39,87,44.8,13,36,36.1,13,16,81.3,9,24,33,24,8,3,11,15
448,LAC,39,95,41.1,13,36,36.1,14,20,70.0,9,40,49,15,8,4,7,22
449,GSW,43,85,50.6,19,38,50.0,12,19,63.2,10,32,42,25,4,4,17,23
450,LAL,42,92,45.7,6,22,27.3,22,31,71.0,13,38,51,29,8,5,13,10
451,MEM,41,87,47.1,10,23,43.5,21,22,95.5,11,33,44,22,8,5,18,23
452,CHA,39,93,41.9,7,35,20.0,13,15,86.7,16,29,45,19,6,4,15,15
453,NOP,42,84,50.0,5,20,25.0,17,21,81.0,12,38,50,27,6,5,17,26
454,TOR,50,110,45.5,10,23,43.5,18,26,69.2,25,27,52,27,11,2,8,22
455,SAC,48,90,53.3,8,27,29.6,15,19,78.9,6,28,34,25,10,3,10,13
456,OKC,38,103,36.9,12,43,27.9,18,22,81.8,24,28,52,22,11,6,10,23
457,POR,41,87,47.1,14,36,38.9,26,27,96.3,9,32,41,24,3,5,13,22
458,ATL,52,91,57.1,19,33,57.6,9,11,81.8,6,39,45,32,6,5,12,24
459,BKN,36,88,40.9,9,39,23.1,15,18,83.3,5,27,32,19,8,1,7,12
460,ORL,33,87,37.9,6,38,15.8,22,29,75.9,12,34,46,12,10,4,15,21
461,GSW,38,91,41.8,11,35,31.4,27,34,79.4,9,49,58,21,7,4,17,24
462,CHA,42,111,37.8,11,39,28.2,20,26,76.9,18,44,62,27,6,6,11,24
463,LAL,48,93,51.6,11,33,33.3,22,31,71.0,11,33,44,29,6,1,14,23
464,MIA,34,78,43.6,14,31,45.2,18,25,72.0,9,36,45,21,7,3,15,17
465,NOP,42,85,49.4,8,27,29.6,21,25,84.0,8,28,36,28,13,2,15,24
466,LAC,37,93,39.8,12,44,27.3,22,26,84.6,11,33,44,24,15,6,8,16
467,TOR,40,89,44.9,9,33,27.3,17,19,89.5,16,28,44,19,9,4,14,19
468,WAS,48,86,55.8,16,30,53.3,15,17,88.2,5,40,45,32,7,8,14,19
469,ORL,42,99,42.4,11,29,37.9,24,30,80.0,15,35,50,23,11,6,10,16
470,GSW,46,90,51.1,20,47,42.6,16,20,80.0,6,38,44,37,9,4,15,18
471,DET,36,79,45.6,14,39,35.9,19,27,70.4,9,31,40,18,9,6,14,31
472,SAC,47,99,47.5,9,30,30.0,15,22,68.2,10,40,50,20,15,3,12,21
473,LAL,35,89,39.3,11,29,37.9,23,37,62.2,16,37,53,24,1,3,14,16
474,ATL,44,94,46.8,13,30,43.3,24,30,80.0,17,28,45,26,5,0,7,21
475,IND,36,79,45.6,9,32,28.1,19,21,90.5,11,27,38,21,4,6,18,22
476,LAC,37,89,41.6,2,19,10.5,23,27,85.2,15,30,45,17,6,0,15,19
477,MIA,45,93,48.4,10,31,32.3,17,23,73.9,10,26,36,26,11,0,11,17
478,NOP,41,93,44.1,13,34,38.2,15,21,71.4,8,30,38,25,7,3,12,20
479,SAC,37,82,45.1,9,33,27.3,27,36,75.0,10,26,36,23,5,0,9,21
480,HOU,44,92,47.8,8,27,29.6,21,27,77.8,16,32,48,20,8,4,17,20
481,DAL,35,80,43.8,18,46,39.1,12,17,70.6,7,24,31,26,7,3,14,18
482,TOR,48,92,52.2,10,30,33.3,17,18,94.4,15,30,45,24,6,3,8,18
483,PHX,50,103,48.5,8,24,33.3,20,26,76.9,17,35,52,31,7,6,9,19
484,NYK,45,88,51.1,10,28,35.7,15,19,78.9,14,31,45,19,4,4,11,14
485,DEN,44,81,54.3,14,34,41.2,17,20,85.0,6,30,36,28,6,6,14,14
486,LAC,42,80,52.5,19,39,48.7,17,19,89.5,6,31,37,25,5,5,14,15
487,LAL,47,105,44.8,12,42,28.6,15,20,75.0,11,36,47,30,4,0,12,23
488,CHI,48,81,59.3,16,35,45.7,16,19,84.2,4,34,38,30,5,6,12,22
489,WAS,40,88,45.5,11,36,30.6,22,29,75.9,13,40,53,18,5,8,18,17
490,MIL,52,98,53.1,18,43,41.9,19,31,61.3,14,36,50,32,11,3,16,20
491,ORL,33,69,47.8,12,34,35.3,27,32,84.4,2,38,40,21,5,3,20,23
492,TOR,46,101,45.5,12,33,36.4,13,21,61.9,14,32,46,24,5,4,10,17
493,CLE,39,88,44.3,8,29,27.6,14,18,77.8,11,26,37,27,9,5,10,21
494,MEM,38,93,40.9,8,33,24.2,16,19,84.2,15,32,47,22,14,2,21,12
495,DET,48,95,50.5,11,27,40.7,23,26,88.5,15,33,48,27,12,5,11,22
496,CHI,37,91,40.7,4,25,16.0,18,22,81.8,7,36,43,16,8,2,13,20
497,SAS,37,82,45.1,8,24,33.3,18,28,64.3,11,31,42,24,2,1,14,18
498,CLE,40,87,46.0,15,36,41.7,18,22,81.8,11,25,36,29,12,4,10,16
499,NYK,44,96,45.8,13,38,34.2,19,23,82.6,10,40,50,17,5,5,10,20
500,DAL,33,77,42.9,13,34,38.2,20,28,71.4,7,36,43,20,3,3,9,10
501,IND,41,85,48.2,15,35,42.9,23,29,79.3,10,22,32,25,14,5,17,20
502,TOR,48,97,49.5,12,40,30.0,5,7,71.4,11,30,41,28,12,8,10,17
503,MIN,40,82,48.8,11,29,37.9,20,28,71.4,4,32,36,23,8,5,9,18
504,ATL,50,84,59.5,11,29,37.9,26,33,78.8,11,35,46,26,5,6,17,16
505,BKN,49,76,64.5,14,26,53.8,21,27,77.8,6,25,31,29,3,4,16,26
506,SAS,40,106,37.7,8,34,23.5,16,18,88.9,17,31,48,22,11,2,14,19
507,WAS,39,98,39.8,12,38,31.6,18,23,78.3,15,33,48,27,13,7,8,16
508,MEM,42,88,47.7,10,31,32.3,26,37,70.3,11,25,36,26,10,3,14,26
509,UTA,47,90,52.2,20,41,48.8,10,15,66.7,8,27,35,32,5,5,13,18
510,DEN,38,97,39.2,11,34,32.4,12,16,75.0,15,36,51,21,9,5,19,21
511,BOS,32,74,43.2,10,32,31.3,21,27,77.8,5,39,44,21,5,6,17,22
512,CHI,43,88,48.9,5,24,20.8,19,25,76.0,11,34,45,19,5,5,16,23
513,LAC,51,84,60.7,19,38,50.0,12,15,80.0,7,40,47,25,4,9,15,20
514,CHA,39,96,40.6,6,25,24.0,13,18,72.2,10,30,40,19,10,5,14,21
515,DEN,39,80,48.8,11,33,33.3,10,13,76.9,7,27,34,27,8,5,12,20
516,CLE,40,87,46.0,12,33,36.4,11,16,68.8,10,31,41,29,8,4,12,19
517,WAS,42,83,50.6,11,30,36.7,32,41,78.0,6,35,41,28,7,3,11,22
518,SAS,47,90,52.2,13,27,48.1,20,26,76.9,14,26,40,30,7,4,15,18
519,MEM,40,98,40.8,12,36,33.3,8,10,80.0,10,21,31,28,14,3,15,21
520,ATL,39,85,45.9,10,33,30.3,12,19,63.2,9,34,43,24,6,4,19,14
521,CHA,38,85,44.7,2,16,12.5,24,34,70.6,11,31,42,22,8,7,15,23
522,MIN,41,91,45.1,16,42,38.1,16,22,72.7,12,29,41,19,8,7,19,22
523,BOS,36,83,43.4,18,46,39.1,8,11,72.7,8,29,37,24,5,4,18,23
524,MIL,55,98,56.1,23,52,44.2,17,24,70.8,13,37,50,38,11,6,19,27
525,BKN,43,79,54.4,14,27,51.9,20,31,64.5,9,33,42,30,4,7,16,22
526,MEM,40,92,43.5,11,32,34.4,19,27,70.4,15,37,52,28,8,4,20,22
527,LAC,35,77,45.5,12,28,42.9,30,31,96.8,9,37,46,20,6,3,11,23
528,OKC,40,89,44.9,7,26,26.9,14,16,87.5,14,36,50,21,4,5,8,24
529,LAL,45,86,52.3,10,30,33.3,21,27,77.8,10,41,51,23,5,5,13,19
530,NYK,40,82,48.8,18,41,43.9,18,26,69.2,14,33,47,30,4,4,17,24
531,NOP,37,78,47.4,8,30,26.7,14,18,77.8,8,33,41,24,17,4,25,22
532,CHA,45,89,50.6,13,34,38.2,19,22,86.4,6,30,36,28,11,2,12,18
533,IND,36,96,37.5,13,37,35.1,22,26,84.6,11,37,48,22,10,4,15,29
534,MIL,39,86,45.3,14,39,35.9,10,11,90.9,7,29,36,24,3,6,16,17
535,HOU,38,79,48.1,9,24,37.5,19,33,57.6,15,41,56,24,4,6,23,19
536,PHI,49,93,52.7,12,28,42.9,19,23,82.6,16,30,46,27,4,3,15,26
537,ORL,42,90,46.7,14,34,41.2,20,24,83.3,9,32,41,24,3,10,11,19
538,BOS,38,85,44.7,16,35,45.7,14,15,93.3,11,30,41,25,9,8,15,17
539,BKN,43,80,53.8,18,41,43.9,13,20,65.0,6,36,42,26,7,6,11,18
540,NYK,49,83,59.0,13,30,43.3,13,17,76.5,9,25,34,27,5,3,12,15
541,GSW,42,86,48.8,23,43,53.5,13,19,68.4,14,31,45,25,9,4,18,19
542,MIA,33,69,47.8,4,20,20.0,20,27,74.1,5,34,39,15,3,1,16,22
543,NOP,41,91,45.1,10,35,28.6,18,24,75.0,11,28,39,29,9,5,11,21
544,OKC,45,93,48.4,16,40,40.0,7,11,63.6,8,28,36,21,4,1,9,20
545,MEM,43,102,42.2,9,29,31.0,26,40,65.0,24,39,63,24,6,7,14,31
546,LAC,51,81,63.0,15,28,53.6,14,20,70.0,11,21,32,31,4,2,9,13
547,IND,37,84,44.0,8,32,25.0,29,37,78.4,16,23,39,23,7,2,21,18
548,PHI,41,81,50.6,8,26,30.8,15,19,78.9,5,38,43,24,8,8,15,23
549,BKN,43,82,52.4,11,26,42.3,15,25,60.0,2,32,34,27,10,6,13,34
550,TOR,46,87,52.9,14,28,50.0,20,27,74.1,8,30,38,26,8,6,16,19
551,GSW,40,100,40.0,18,52,34.6,20,23,87.0,8,39,47,28,10,7,16,26
552,CHI,50,92,54.3,7,23,30.4,19,21,90.5,11,37,48,23,11,8,14,17
553,MIA,50,94,53.2,12,35,34.3,12,16,75.0,10,33,43,37,11,2,11,17
554,WAS,42,95,44.2,16,42,38.1,16,19,84.2,18,34,52,28,5,9,14,23
555,SAC,43,87,49.4,9,30,30.0,21,27,77.8,14,33,47,23,3,5,11,14
556,IND,39,94,41.5,12,33,36.4,16,24,66.7,20,28,48,23,9,10,24,19
557,ATL,49,86,57.0,13,26,50.0,19,20,95.0,7,28,35,28,7,4,12,23
558,MIN,42,81,51.9,12,32,37.5,22,28,78.6,12,24,36,26,6,10,19,27
559,CLE,42,82,51.2,16,35,45.7,14,21,66.7,11,36,47,29,4,7,19,17
560,CHA,48,96,50.0,9,36,25.0,17,25,68.0,11,26,37,27,14,10,10,20
561,LAC,37,92,40.2,15,34,44.1,14,21,66.7,16,34,50,23,1,6,13,20
562,POR,38,83,45.8,13,40,32.5,24,25,96.0,5,30,35,21,3,4,13,24
563,TOR,46,101,45.5,13,35,37.1,17,27,63.0,20,30,50,20,7,5,9,14
564,PHI,39,73,53.4,13,31,41.9,29,34,85.3,8,25,33,25,12,4,15,17
565,BKN,37,88,42.0,3,23,13.0,21,24,87.5,10,39,49,22,10,8,21,26
566,NOP,38,75,50.7,10,27,37.0,17,22,77.3,3,25,28,26,9,1,17,23
567,HOU,49,100,49.0,11,30,36.7,23,31,74.2,17,31,48,28,0,7,8,25
568,GSW,45,91,49.5,18,44,40.9,19,21,90.5,9,34,43,28,8,1,12,23
569,IND,43,84,51.2,19,40,47.5,14,15,93.3,4,33,37,29,6,5,16,17
570,TOR,38,96,39.6,13,44,29.5,34,41,82.9,14,28,42,27,8,12,6,25
571,UTA,45,84,53.6,13,34,38.2,23,28,82.1,14,36,50,25,0,5,18,12
572,PHX,39,89,43.8,10,33,30.3,18,19,94.7,9,28,37,33,4,4,15,22
573,MIA,43,89,48.3,8,31,25.8,19,20,95.0,12,29,41,30,10,4,16,22
574,BOS,43,87,49.4,20,43,46.5,24,25,96.0,14,33,47,34,1,4,12,21
575,NYK,40,88,45.5,12,30,40.0,25,31,80.6,18,34,52,17,3,6,8,12
576,PHI,43,85,50.6,12,34,35.3,15,19,78.9,5,33,38,29,3,7,10,16
577,OKC,40,90,44.4,12,31,38.7,20,26,76.9,11,39,50,21,5,7,9,14
578,ORL,41,84,48.8,7,29,24.1,27,34,79.4,10,29,39,24,7,2,13,17
579,DAL,41,89,46.1,14,42,33.3,27,33,81.8,13,26,39,31,3,2,9,29
580,HOU,38,84,45.2,7,31,22.6,17,23,73.9,10,29,39,22,8,6,20,17
581,GSW,41,83,49.4,21,51,41.2,15,22,68.2,7,33,40,35,6,4,23,22
582,SAC,49,89,55.1,14,30,46.7,20,25,80.0,7,31,38,24,5,2,6,19
583,BOS,47,99,47.5,19,53,35.8,9,10,90.0,14,32,46,35,8,4,7,15
584,CLE,37,76,48.7,8,28,28.6,20,23,87.0,8,32,40,24,5,2,18,17
585,DAL,43,82,52.4,22,46,47.8,11,19,57.9,2,23,25,28,4,3,11,18
586,MIL,34,84,40.5,19,48,39.6,8,12,66.7,7,25,32,26,7,2,10,13
587,MEM,48,87,55.2,12,32,37.5,22,28,78.6,7,38,45,32,11,8,16,21
588,ATL,43,84,51.2,11,27,40.7,17,18,94.4,5,35,40,19,6,4,12,22
589,PHI,40,89,44.9,17,39,43.6,21,26,80.8,9,28,37,23,5,5,8,17
590,HOU,43,91,47.3,12,37,32.4,16,25,64.0,12,22,34,23,10,4,15,24
591,DEN,41,82,50.0,14,33,42.4,19,25,76.0,10,33,43,24,7,4,11,11
592,NYK,41,92,44.6,8,29,27.6,22,31,71.0,14,40,54,15,3,6,7,23
593,ATL,41,94,43.6,16,33,48.5,15,21,71.4,14,36,50,26,6,9,14,22
594,GSW,55,101,54.5,18,48,37.5,16,20,80.0,12,43,55,33,9,6,13,26
595,OKC,47,92,51.1,11,33,33.3,19,22,86.4,12,34,46,22,12,6,11,19
596,PHX,41,86,47.7,14,23,60.9,20,24,83.3,9,34,43,28,10,3,19,20
597,ORL,42,96,43.8,14,36,38.9,10,16,62.5,11,29,40,23,13,3,15,25
598,NOP,42,86,48.8,11,31,35.5,21,30,70.0,8,40,48,29,7,3,17,21
599,CLE,44,89,49.4,7,22,31.8,24,31,77.4,12,32,44,28,6,1,11,19
600,CHA,41,77,53.2,13,33,39.4,19,27,70.4,9,33,42,27,6,5,22,30
601,OKC,44,86,51.2,14,33,42.4,31,33,93.9,5,34,39,28,7,6,11,22
602,DAL,48,96,50.0,14,42,33.3,9,17,52.9,3,51,54,25,4,9,19,26
603,BOS,41,86,47.7,12,36,33.3,15,17,88.2,12,36,48,23,4,6,14,15
604,MIL,35,87,40.2,22,57,38.6,10,15,66.7,8,31,39,20,10,2,11,12
605,MIN,43,88,48.9,16,33,48.5,16,21,76.2,13,23,36,22,7,2,19,22
606,MIL,45,98,45.9,18,48,37.5,6,11,54.5,14,43,57,28,6,4,11,15
607,NOP,45,87,51.7,11,30,36.7,13,17,76.5,4,29,33,22,5,4,9,17
608,HOU,44,96,45.8,16,41,39.0,11,17,64.7,8,40,48,30,7,3,14,23
609,SAS,50,107,46.7,11,34,32.4,18,23,78.3,17,31,48,33,7,11,12,18
610,CHI,41,88,46.6,9,29,31.0,6,9,66.7,8,31,39,16,7,6,12,19
611,IND,43,90,47.8,12,39,30.8,15,21,71.4,8,33,41,27,8,5,13,25
612,PHX,39,90,43.3,9,32,28.1,10,14,71.4,15,29,44,28,4,2,20,17
613,ORL,40,78,51.3,9,24,37.5,20,25,80.0,6,29,35,19,10,2,16,20
614,PHX,41,90,45.6,14,31,45.2,29,31,93.5,19,38,57,26,5,7,22,22
615,CHA,47,86,54.7,15,35,42.9,11,15,73.3,6,28,34,33,6,4,10,19
616,DAL,30,69,43.5,12,38,31.6,29,36,80.6,3,29,32,15,5,6,12,17
617,DET,36,89,40.4,14,39,35.9,30,36,83.3,3,23,26,23,9,5,11,22
618,CLE,42,90,46.7,10,37,27.0,20,24,83.3,7,30,37,18,7,7,5,25
619,OKC,44,91,48.4,9,35,25.7,14,21,66.7,14,30,44,27,8,3,19,27
620,ORL,41,90,45.6,14,44,31.8,15,20,75.0,9,32,41,24,7,7,13,18
621,LAL,41,93,44.1,8,28,28.6,19,25,76.0,11,33,44,20,12,2,14,14
622,NOP,49,93,52.7,10,26,38.5,24,31,77.4,12,32,44,24,9,5,10,21
623,SAS,44,97,45.4,11,32,34.4,14,16,87.5,12,30,42,28,8,1,14,24
624,MIL,39,89,43.8,19,49,38.8,14,18,77.8,12,36,48,27,3,5,14,17
625,CHI,39,86,45.3,12,35,34.3,9,14,64.3,6,36,42,19,6,1,8,18
626,CLE,45,78,57.7,11,29,37.9,11,17,64.7,3,36,39,29,8,5,14,12
627,CHA,38,88,43.2,11,33,33.3,24,27,88.9,13,36,49,25,8,4,18,26
628,MIN,38,80,47.5,10,28,35.7,18,22,81.8,9,35,44,23,8,4,19,18
629,PHI,46,94,48.9,11,37,29.7,20,23,87.0,14,30,44,24,12,5,14,17
630,UTA,45,88,51.1,10,32,31.3,18,22,81.8,8,38,46,29,7,9,21,18
631,POR,34,76,44.7,9,30,30.0,28,37,75.7,10,32,42,19,5,4,24,24
632,ATL,44,89,49.4,8,26,30.8,16,20,80.0,7,36,43,22,7,9,9,18
633,DAL,31,73,42.5,14,39,35.9,33,42,78.6,8,31,39,21,3,1,13,19
634,BKN,39,76,51.3,12,33,36.4,12,15,80.0,6,34,40,22,8,8,19,21
635,NOP,45,94,47.9,5,29,17.2,22,35,62.9,15,29,44,26,14,4,13,25
636,LAL,50,82,61.0,9,21,42.9,27,33,81.8,10,28,38,26,4,3,17,25
637,UTA,46,93,49.5,12,41,29.3,14,18,77.8,7,32,39,36,6,2,10,24
638,BOS,47,95,49.5,15,34,44.1,12,18,66.7,8,35,43,30,6,10,14,15
639,ORL,44,87,50.6,13,32,40.6,14,24,58.3,7,37,44,26,12,2,11,14
640,BKN,37,85,43.5,15,33,45.5,19,20,95.0,10,33,43,26,8,12,13,23
641,WAS,38,79,48.1,7,24,29.2,27,36,75.0,11,35,46,21,6,2,20,18
642,CHI,48,84,57.1,20,34,58.8,10,17,58.8,8,37,45,33,3,4,12,14
643,NYK,39,83,47.0,16,37,43.2,18,26,69.2,13,38,51,19,3,4,13,23
644,DET,44,93,47.3,11,31,35.5,10,17,58.8,15,22,37,23,11,0,16,22
645,MIA,33,78,42.3,12,38,31.6,26,31,83.9,5,32,37,19,10,3,13,14
646,POR,38,94,40.4,9,33,27.3,14,17,82.4,12,40,52,30,5,1,18,19
647,CHA,53,102,52.0,20,48,41.7,12,19,63.2,13,36,49,32,11,3,5,17
648,CLE,40,88,45.5,10,26,38.5,18,32,56.3,18,22,40,30,7,5,7,18
649,ATL,44,96,45.8,9,31,29.0,17,22,77.3,7,32,39,24,8,5,12,15
650,LAC,44,100,44.0,9,25,36.0,18,27,66.7,18,22,40,22,13,3,10,19
651,LAC,34,91,37.4,5,37,13.5,18,25,72.0,8,33,41,24,7,3,8,14
652,BOS,41,84,48.8,16,43,37.2,26,31,83.9,10,42,52,29,6,8,11,22
653,UTA,46,93,49.5,19,48,39.6,20,21,95.2,9,33,42,33,10,5,8,20
654,MEM,48,92,52.2,12,36,33.3,15,23,65.2,9,40,49,24,5,3,13,22
655,ATL,45,84,53.6,10,30,33.3,20,22,90.9,7,37,44,21,9,4,16,21
656,DET,45,92,48.9,16,36,44.4,16,23,69.6,11,30,41,29,9,1,10,11
657,BKN,42,91,46.2,12,37,32.4,16,21,76.2,5,29,34,24,9,7,11,22
658,SAS,41,82,50.0,11,28,39.3,21,26,80.8,9,29,38,25,5,3,17,24
659,MEM,47,94,50.0,9,30,30.0,28,37,75.7,11,48,59,28,10,8,14,16
660,POR,33,75,44.0,9,29,31.0,31,42,73.8,12,27,39,18,8,7,18,30
661,OKC,36,89,40.4,15,37,40.5,28,31,90.3,9,24,33,23,9,3,9,23
662,MIL,35,88,39.8,13,39,33.3,21,30,70.0,13,60,73,26,4,4,28,24
663,HOU,39,88,44.3,12,38,31.6,18,27,66.7,12,31,43,25,10,4,13,22
664,IND,45,95,47.4,13,36,36.1,23,26,88.5,13,32,45,31,7,8,13,18
665,MIA,43,95,45.3,8,29,27.6,15,21,71.4,14,29,43,24,9,4,13,20
666,PHX,32,81,39.5,10,28,35.7,14,18,77.8,8,41,49,24,8,3,15,19
667,BOS,40,88,45.5,12,40,30.0,25,31,80.6,11,27,38,29,4,7,17,15
668,WAS,42,97,43.3,8,27,29.6,21,23,91.3,14,32,46,27,9,4,10,16
669,SAC,46,86,53.5,9,32,28.1,16,18,88.9,7,33,40,23,7,4,18,26
670,TOR,41,91,45.1,14,42,33.3,18,23,78.3,12,24,36,26,5,11,11,27
671,NOP,42,84,50.0,11,29,37.9,16,20,80.0,10,39,49,26,3,6,17,22
672,DET,34,82,41.5,6,18,33.3,32,41,78.0,9,36,45,16,8,4,21,27
673,ATL,53,109,48.6,11,35,31.4,24,29,82.8,10,43,53,30,9,10,13,17
674,SAS,42,97,43.3,8,31,25.8,11,18,61.1,15,28,43,26,5,4,18,13
675,MIA,39,85,45.9,12,36,33.3,20,24,83.3,12,36,48,22,7,2,11,23
676,LAL,45,93,48.4,10,30,33.3,21,30,70.0,9,44,53,26,6,5,15,21
677,CHI,47,95,49.5,10,33,30.3,30,34,88.2,6,36,42,22,8,2,7,33
678,DAL,34,81,42.0,13,43,30.2,30,34,88.2,8,33,41,19,8,6,8,19
679,PHX,34,87,39.1,10,37,27.0,5,7,71.4,5,31,36,22,4,0,8,17
680,DEN,42,91,46.2,11,29,37.9,16,20,80.0,18,27,45,27,8,1,15,21
681,WAS,50,94,53.2,7,27,25.9,11,16,68.8,12,42,54,29,9,6,18,10
682,BOS,40,87,46.0,9,33,27.3,22,27,81.5,10,31,41,30,8,3,13,15
683,SAC,39,96,40.6,15,43,34.9,15,15,100.0,14,33,47,24,7,4,16,18
684,NYK,35,90,38.9,15,51,29.4,23,32,71.9,16,30,46,20,10,5,10,20
685,NOP,32,91,35.2,8,30,26.7,29,36,80.6,15,31,46,16,6,4,20,21
686,LAC,43,80,53.8,16,34,47.1,28,29,96.6,8,31,39,23,7,6,16,23
687,BKN,48,80,60.0,13,34,38.2,14,19,73.7,2,40,42,26,7,6,14,16
688,DAL,50,86,58.1,14,34,41.2,12,21,57.1,6,20,26,21,5,3,5,24
689,MIA,45,89,50.6,13,39,33.3,23,30,76.7,10,27,37,32,10,1,12,32
690,DET,43,89,48.3,10,27,37.0,20,28,71.4,15,37,52,21,6,6,14,22
691,CLE,39,85,45.9,13,38,34.2,12,19,63.2,15,35,50,20,9,5,21,18
692,PHI,46,99,46.5,11,34,32.4,12,17,70.6,14,42,56,29,7,9,13,24
693,WAS,42,75,56.0,15,35,42.9,20,25,80.0,4,49,53,33,4,10,26,18
694,LAL,52,96,54.2,10,32,31.3,16,18,88.9,12,43,55,34,7,6,16,17
695,DET,41,86,47.7,17,39,43.6,19,24,79.2,13,22,35,28,8,1,16,16
696,PHI,42,75,56.0,14,34,41.2,18,22,81.8,3,26,29,28,5,7,19,22
697,MIA,39,87,44.8,14,35,40.0,27,30,90.0,11,25,36,21,13,4,15,19
698,MIN,40,92,43.5,8,30,26.7,26,34,76.5,7,29,36,18,10,5,8,28
699,UTA,46,84,54.8,8,32,25.0,25,30,83.3,7,30,37,30,7,2,13,20
700,POR,42,91,46.2,12,39,30.8,16,23,69.6,17,32,49,22,2,4,16,20
701,PHX,35,71,49.3,14,30,46.7,20,23,87.0,9,33,42,26,7,1,27,17
702,OKC,42,99,42.4,11,36,30.6,18,21,85.7,11,30,41,15,9,1,12,27
703,LAC,43,89,48.3,15,39,38.5,9,14,64.3,8,33,41,26,4,4,13,20
704,MEM,48,95,50.5,13,29,44.8,10,14,71.4,17,36,53,37,4,4,16,20
705,HOU,38,86,44.2,12,34,35.3,26,37,70.3,12,36,48,21,5,0,13,23
706,NYK,38,90,42.2,15,41,36.6,24,31,77.4,13,25,38,20,7,2,13,21
707,CLE,50,96,52.1,12,28,42.9,14,20,70.0,17,27,44,29,7,4,11,17
708,MIN,42,83,50.6,10,29,34.5,24,32,75.0,5,30,35,18,6,8,11,28
709,ORL,35,85,41.2,5,22,22.7,26,34,76.5,15,32,47,24,5,5,13,26
710,LAL,37,77,48.1,13,36,36.1,11,15,73.3,8,36,44,25,2,4,26,16
711,MIL,41,110,37.3,9,44,20.5,22,32,68.8,22,39,61,18,7,6,14,21
712,UTA,37,91,40.7,15,46,32.6,18,26,69.2,10,40,50,26,3,6,12,22
713,DEN,49,85,57.6,12,27,44.4,16,18,88.9,7,27,34,31,6,8,16,24
714,BKN,42,83,50.6,10,26,38.5,14,17,82.4,5,42,47,22,0,13,12,18
715,PHX,39,87,44.8,13,31,41.9,11,16,68.8,11,19,30,25,7,4,11,21
716,LAL,49,90,54.4,17,43,39.5,14,17,82.4,9,37,46,32,4,2,14,16
717,PHX,43,87,49.4,17,31,54.8,22,25,88.0,15,32,47,26,7,9,22,23
718,HOU,38,95,40.0,14,45,31.1,12,14,85.7,13,36,49,24,5,2,15,16
719,ATL,40,89,44.9,12,30,40.0,22,29,75.9,9,33,42,26,4,3,9,19
720,CHA,38,92,41.3,10,38,26.3,19,25,76.0,9,38,47,22,6,7,14,20
721,NYK,45,103,43.7,16,50,32.0,15,24,62.5,17,38,55,27,5,0,10,23
722,DEN,41,86,47.7,13,37,35.1,18,21,85.7,10,30,40,34,12,3,13,18
723,PHI,39,84,46.4,6,31,19.4,27,31,87.1,10,29,39,21,8,10,16,24
724,LAC,45,93,48.4,15,38,39.5,19,23,82.6,15,32,47,27,8,3,11,17
725,SAS,46,99,46.5,10,29,34.5,12,14,85.7,16,25,41,20,9,4,15,21
726,LAC,49,91,53.8,19,44,43.2,25,29,86.2,10,38,48,25,13,3,19,24
727,IND,35,83,42.2,9,35,25.7,14,20,70.0,6,30,36,23,9,5,13,18
728,MIN,43,79,54.4,15,34,44.1,9,14,64.3,8,36,44,31,4,3,22,14
729,HOU,50,90,55.6,17,44,38.6,16,22,72.7,8,37,45,28,7,5,13,15
730,CHA,41,103,39.8,12,36,33.3,19,25,76.0,18,27,45,25,8,3,13,21
731,UTA,39,97,40.2,13,43,30.2,31,37,83.8,16,29,45,20,10,3,12,22
732,BKN,47,82,57.3,18,30,60.0,13,17,76.5,7,31,38,27,7,4,17,25
733,MIL,42,84,50.0,13,36,36.1,21,27,77.8,8,31,39,22,8,1,15,16
734,PHX,45,94,47.9,17,35,48.6,18,26,69.2,12,34,46,32,7,9,14,30
735,MEM,39,94,41.5,9,39,23.1,22,30,73.3,9,35,44,19,5,6,13,23
736,LAL,39,80,48.8,9,28,32.1,28,32,87.5,6,29,35,18,5,2,10,23
737,PHI,39,77,50.6,18,39,46.2,23,29,79.3,5,27,32,22,5,2,8,19
738,WAS,49,88,55.7,10,32,31.3,17,24,70.8,5,35,40,30,9,4,10,23
739,DAL,36,80,45.0,16,44,36.4,24,27,88.9,7,27,34,20,10,7,14,21
740,IND,40,83,48.2,21,47,44.7,10,14,71.4,9,34,43,26,5,6,16,23
741,DET,37,90,41.1,9,33,27.3,22,29,75.9,9,34,43,17,7,3,14,19
742,MIN,44,91,48.4,10,32,31.3,11,15,73.3,11,34,45,25,3,8,17,18
743,CHI,45,93,48.4,14,31,45.2,14,18,77.8,11,30,41,24,6,4,4,22
744,MIL,37,84,44.0,9,37,24.3,17,22,77.3,13,32,45,17,7,1,18,13
745,NOP,41,94,43.6,13,37,35.1,33,40,82.5,13,42,55,30,10,4,21,21
746,TOR,42,84,50.0,19,37,51.4,15,18,83.3,11,34,45,25,10,2,19,20
747,POR,39,87,44.8,9,35,25.7,20,26,76.9,13,30,43,24,5,3,14,21
748,MEM,45,91,49.5,7,23,30.4,28,38,73.7,19,34,53,30,11,5,12,22
749,SAS,44,97,45.4,12,38,31.6,13,18,72.2,13,25,38,28,10,6,13,18
750,CHA,52,94,55.3,16,41,39.0,14,18,77.8,11,30,41,30,11,5,16,21
751,LAC,41,81,50.6,14,38,36.8,18,23,78.3,6,27,33,25,5,9,11,16
752,SAS,43,90,47.8,9,28,32.1,22,27,81.5,14,30,44,23,8,2,17,24
753,WAS,46,82,56.1,7,21,33.3,13,17,76.5,3,34,37,20,5,2,11,15
754,DAL,34,75,45.3,13,39,33.3,23,27,85.2,7,32,39,17,6,3,13,12
755,LAL,42,84,50.0,11,24,45.8,25,30,83.3,5,34,39,25,6,5,15,24
756,TOR,42,94,44.7,9,34,26.5,20,22,90.9,16,22,38,17,7,4,5,16
757,DET,31,79,39.2,6,23,26.1,25,34,73.5,11,35,46,15,6,1,22,15
758,MIL,39,83,47.0,13,30,43.3,15,22,68.2,13,33,46,20,7,5,21,23
759,CHI,43,86,50.0,7,24,29.2,17,22,77.3,8,39,47,20,9,4,11,15
760,CHA,37,92,40.2,9,31,29.0,22,29,75.9,11,29,40,25,15,2,15,18
761,POR,39,79,49.4,14,36,38.9,6,9,66.7,9,27,36,29,9,5,20,22
762,IND,46,98,46.9,18,39,46.2,7,9,77.8,12,35,47,27,10,3,14,22
763,GSW,41,83,49.4,12,33,36.4,19,25,76.0,9,27,36,32,6,1,21,14
764,ORL,41,91,45.1,11,37,29.7,23,33,69.7,11,34,45,19,11,6,11,18
765,GSW,35,74,47.3,12,35,34.3,12,13,92.3,4,25,29,23,3,2,20,22
766,UTA,47,93,50.5,20,46,43.5,12,19,63.2,12,31,43,27,7,5,12,22
767,WAS,38,80,47.5,11,27,40.7,26,37,70.3,9,32,41,22,9,4,10,14
768,MEM,36,81,44.4,5,26,19.2,14,21,66.7,7,35,42,25,11,7,16,21
769,CHI,40,73,54.8,13,31,41.9,20,24,83.3,5,34,39,24,7,0,17,16
770,UTA,36,93,38.7,10,34,29.4,17,23,73.9,15,20,35,19,9,2,14,22
771,SAS,46,83,55.4,17,34,50.0,15,19,78.9,9,37,46,30,6,6,19,23
772,ORL,45,95,47.4,12,34,35.3,23,25,92.0,10,35,45,29,8,8,8,17
773,MIL,45,81,55.6,13,40,32.5,25,31,80.6,8,36,44,26,8,6,18,21
774,CHA,49,95,51.6,10,31,32.3,17,23,73.9,11,45,56,26,4,7,14,25
775,POR,44,88,50.0,16,37,43.2,17,21,81.0,14,31,45,26,5,2,16,28
776,LAL,39,87,44.8,12,28,42.9,14,17,82.4,10,28,38,13,5,5,15,16
777,TOR,37,88,42.0,11,40,27.5,16,20,80.0,9,41,50,24,6,3,16,20
778,DAL,31,76,40.8,19,45,42.2,25,31,80.6,8,34,42,23,5,5,16,23
779,NYK,39,83,47.0,8,26,30.8,23,30,76.7,14,35,49,13,7,9,16,21
780,CHA,41,96,42.7,12,38,31.6,21,23,91.3,12,36,48,26,7,7,11,26
781,GSW,43,81,53.1,18,39,46.2,22,26,84.6,12,29,41,31,6,2,17,21
782,BKN,44,80,55.0,15,29,51.7,21,23,91.3,4,31,35,26,5,8,13,24
783,CHI,46,88,52.3,16,38,42.1,18,24,75.0,6,24,30,31,6,1,11,16
784,ORL,33,86,38.4,12,29,41.4,17,19,89.5,6,40,46,20,9,3,13,18
785,WAS,44,95,46.3,10,39,25.6,19,24,79.2,10,38,48,24,5,6,10,20
786,MIA,42,82,51.2,11,30,36.7,16,23,69.6,8,32,40,25,14,3,14,27
787,POR,40,85,47.1,13,36,36.1,14,19,73.7,10,26,36,20,8,4,14,20
788,NOP,45,77,58.4,14,30,46.7,10,13,76.9,4,32,36,27,2,5,17,27
789,WAS,36,84,42.9,9,25,36.0,12,13,92.3,7,35,42,20,10,2,16,21
790,MEM,34,90,37.8,12,45,26.7,29,37,78.4,10,43,53,15,5,5,10,20
791,DAL,36,88,40.9,15,49,30.6,12,19,63.2,5,40,45,19,5,6,12,20
792,UTA,39,86,45.3,16,47,34.0,3,6,50.0,7,22,29,24,5,2,14,13
793,ORL,42,91,46.2,9,33,27.3,24,28,85.7,15,38,53,19,7,1,18,26
794,DEN,39,81,48.1,9,27,33.3,21,28,75.0,9,30,39,25,7,4,19,17
795,MIN,43,87,49.4,12,25,48.0,14,25,56.0,11,32,43,23,16,6,16,18
796,BKN,46,76,60.5,9,26,34.6,18,23,78.3,4,33,37,22,5,6,15,25
797,ATL,41,75,54.7,15,29,51.7,28,34,82.4,4,37,41,25,3,5,14,22
798,IND,42,80,52.5,11,36,30.6,17,19,89.5,5,28,33,34,6,4,10,22
799,NYK,37,92,40.2,17,44,38.6,23,32,71.9,15,35,50,19,13,2,12,13
800,POR,39,89,43.8,13,37,35.1,19,25,76.0,10,32,42,21,4,2,12,22
801,GSW,39,94,41.5,17,43,39.5,11,13,84.6,13,35,48,31,8,6,17,21
802,SAC,43,82,52.4,12,31,38.7,24,29,82.8,4,29,33,30,8,1,14,25
803,MIA,39,88,44.3,16,47,34.0,17,23,73.9,14,26,40,21,10,6,14,19
804,PHX,44,95,46.3,9,32,28.1,14,18,77.8,15,38,53,27,8,8,9,18
805,NOP,47,99,47.5,12,30,40.0,23,28,82.1,19,30,49,24,8,6,18,30
806,MIL,35,94,37.2,13,50,26.0,18,27,66.7,11,28,39,22,5,1,9,18
807,WAS,48,91,52.7,19,39,48.7,13,23,56.5,4,20,24,40,10,5,14,28
808,MIA,37,86,43.0,24,56,42.9,12,15,80.0,7,32,39,25,9,1,14,21
809,CLE,41,78,52.6,8,24,33.3,15,19,78.9,5,38,43,26,5,2,9,20
810,POR,49,81,60.5,18,40,45.0,12,17,70.6,5,35,40,26,5,3,17,20
811,GSW,40,86,46.5,14,33,42.4,25,29,86.2,12,34,46,27,5,4,24,20
812,DET,48,93,51.6,18,40,45.0,27,36,75.0,12,40,52,25,0,8,16,29
813,SAC,45,93,48.4,17,46,37.0,17,20,85.0,13,37,50,29,3,3,15,16
814,NYK,45,91,49.5,18,34,52.9,20,25,80.0,15,33,48,25,7,5,18,25
815,ATL,44,88,50.0,12,35,34.3,24,27,88.9,11,28,39,30,2,6,13,21
816,MIN,31,74,41.9,4,22,18.2,22,30,73.3,7,36,43,15,9,4,17,20
817,BOS,46,104,44.2,19,48,39.6,11,16,68.8,13,38,51,27,6,2,14,22
818,GSW,38,95,40.0,20,50,40.0,15,19,78.9,12,25,37,25,7,2,18,22
819,NOP,37,93,39.8,4,27,14.8,22,33,66.7,15,28,43,25,12,3,17,17
820,PHX,33,103,32.0,13,51,25.5,18,19,94.7,18,26,44,22,13,7,10,24
821,SAC,38,92,41.3,10,42,23.8,17,20,85.0,13,35,48,21,5,4,17,22
822,BKN,44,89,49.4,8,27,29.6,16,18,88.9,7,34,41,25,8,7,13,20
823,ATL,37,104,35.6,12,37,32.4,17,22,77.3,20,19,39,20,13,1,16,17
824,BOS,33,76,43.4,9,39,23.1,18,26,69.2,5,31,36,27,5,6,15,17
825,CLE,45,92,48.9,5,23,21.7,16,17,94.1,15,29,44,21,7,7,15,13
826,MIN,46,93,49.5,10,27,37.0,10,19,52.6,7,30,37,25,12,2,10,19
827,OKC,42,88,47.7,10,31,32.3,20,21,95.2,10,32,42,21,4,1,13,22
828,MIA,32,83,38.6,9,34,26.5,14,18,77.8,9,39,48,23,7,2,14,17
829,PHX,49,105,46.7,13,38,34.2,13,17,76.5,19,23,42,34,7,5,15,24
830,MIL,33,90,36.7,12,43,27.9,14,18,77.8,13,39,52,18,5,6,16,12
831,CHA,38,93,40.9,11,30,36.7,26,30,86.7,15,30,45,21,12,3,16,24
832,TOR,30,75,40.0,6,25,24.0,33,38,86.8,7,21,28,18,9,7,9,25
833,CHI,48,100,48.0,7,27,25.9,19,23,82.6,13,40,53,28,11,6,19,21
834,LAL,46,84,54.8,11,26,42.3,21,27,77.8,6,36,42,31,8,4,11,14
835,SAC,33,83,39.8,10,39,25.6,23,35,65.7,11,30,41,20,7,0,17,21
836,SAS,42,78,53.8,7,21,33.3,24,31,77.4,9,37,46,24,8,4,18,21
837,BOS,38,87,43.7,12,40,30.0,19,26,73.1,6,33,39,17,8,6,10,14
838,DAL,41,90,45.6,11,44,25.0,22,26,84.6,8,29,37,24,5,4,8,17
839,MIN,45,83,54.2,10,23,43.5,18,24,75.0,4,24,28,22,11,4,13,21
840,BKN,52,100,52.0,9,28,32.1,23,32,71.9,29,30,59,19,7,3,18,24
841,OKC,38,83,45.8,10,29,34.5,16,20,80.0,7,33,40,25,8,6,11,26
842,UTA,39,85,45.9,15,41,36.6,17,21,81.0,10,32,42,20,5,6,14,20
843,LAC,40,94,42.6,19,48,39.6,15,16,93.8,9,33,42,22,9,7,10,16
844,SAC,35,66,53.0,16,33,48.5,20,32,62.5,5,33,38,21,11,5,19,22
845,MIN,42,79,53.2,14,35,40.0,20,26,76.9,6,38,44,30,7,3,17,21
846,NYK,41,93,44.1,13,34,38.2,26,30,86.7,16,32,48,25,6,7,14,21
847,ATL,46,93,49.5,10,29,34.5,14,16,87.5,12,26,38,21,12,4,18,18
848,DET,36,90,40.0,11,35,31.4,20,27,74.1,13,34,47,23,6,7,19,29
849,WAS,41,77,53.2,10,29,34.5,19,25,76.0,12,26,38,25,6,3,14,19
850,LAL,44,88,50.0,11,31,35.5,23,30,76.7,7,30,37,29,12,4,21,23
851,PHX,43,86,50.0,22,44,50.0,9,13,69.2,8,29,37,30,6,3,17,25
852,MIL,38,87,43.7,11,32,34.4,19,23,82.6,13,38,51,27,5,4,17,21
853,TOR,36,85,42.4,10,35,28.6,27,33,81.8,7,26,33,23,10,5,7,17
854,DEN,47,91,51.6,12,30,40.0,15,22,68.2,16,32,48,28,6,5,16,16
855,LAC,37,80,46.3,17,36,47.2,19,21,90.5,7,36,43,24,3,3,16,16
856,HOU,44,98,44.9,10,29,34.5,11,15,73.3,16,26,42,23,3,4,14,19
857,DET,35,90,38.9,15,42,35.7,13,16,81.3,8,34,42,17,5,1,13,23
858,OKC,34,92,37.0,14,38,36.8,20,23,87.0,14,34,48,25,9,3,19,16
859,CHA,47,88,53.4,10,24,41.7,12,23,52.2,10,30,40,25,4,3,11,18
860,GSW,45,98,45.9,14,42,33.3,19,25,76.0,14,28,42,26,8,5,14,18
861,LAC,39,95,41.1,15,41,36.6,18,26,69.2,17,36,53,26,3,9,17,19
862,SAC,43,91,47.3,12,38,31.6,15,16,93.8,8,32,40,19,2,4,8,17
863,IND,39,81,48.1,19,42,45.2,18,24,75.0,4,27,31,22,10,4,19,17
864,WAS,41,84,48.8,9,31,29.0,20,29,69.0,6,32,38,22,12,6,18,16
865,BOS,49,101,48.5,16,45,35.6,11,13,84.6,11,42,53,29,14,3,13,20
866,ATL,32,85,37.6,6,36,16.7,19,24,79.2,11,28,39,16,4,6,11,17
867,LAL,37,87,42.5,7,33,21.2,32,35,91.4,10,36,46,16,6,3,15,17
868,LAL,38,89,42.7,6,36,16.7,20,24,83.3,14,29,43,16,4,6,16,13
869,DAL,36,72,50.0,17,36,47.2,27,31,87.1,4,31,35,27,10,4,17,32
870,DET,43,87,49.4,19,41,46.3,11,15,73.3,9,31,40,27,8,1,13,19
871,BOS,44,90,48.9,13,36,36.1,15,21,71.4,13,36,49,27,6,3,11,22
872,LAC,45,93,48.4,15,36,41.7,14,21,66.7,13,34,47,30,4,5,12,17
873,PHI,39,87,44.8,17,36,47.2,28,36,77.8,11,28,39,23,10,6,20,34
874,MIL,38,85,44.7,13,40,32.5,20,26,76.9,7,38,45,31,9,4,17,20
875,MIA,31,79,39.2,14,40,35.0,17,22,77.3,9,36,45,23,7,3,17,11
876,OKC,43,95,45.3,12,34,35.3,23,24,95.8,14,35,49,25,8,4,16,19
877,IND,43,90,47.8,15,39,38.5,11,18,61.1,7,40,47,26,3,8,17,18
878,PHX,40,91,44.0,13,37,35.1,18,26,69.2,13,28,41,28,5,5,13,16
879,CHI,38,86,44.2,9,25,36.0,16,19,84.2,7,32,39,17,9,5,16,16
880,LAL,52,96,54.2,10,26,38.5,16,22,72.7,9,42,51,34,5,5,15,14
881,IND,40,91,44.0,10,33,30.3,10,12,83.3,12,32,44,22,10,5,15,22
882,BOS,35,81,43.2,15,38,39.5,18,20,90.0,8,40,48,18,11,9,17,19
883,PHX,49,94,52.1,19,37,51.4,16,20,80.0,14,31,45,38,5,0,11,18
884,MEM,43,92,46.7,15,35,42.9,21,29,72.4,12,34,46,28,9,5,14,21
885,CLE,29,83,34.9,8,35,22.9,15,20,75.0,8,31,39,17,7,6,19,15
886,DEN,41,81,50.6,8,31,25.8,16,24,66.7,9,34,43,24,5,5,19,22
887,HOU,40,91,44.0,3,28,10.7,18,20,90.0,14,31,45,17,6,4,15,14
888,POR,41,85,48.2,10,25,40.0,24,31,77.4,12,37,49,19,5,6,13,20
889,DAL,43,100,43.0,24,61,39.3,11,14,78.6,14,36,50,27,7,5,11,20
890,ORL,38,78,48.7,11,28,39.3,21,26,80.8,5,24,29,23,9,2,16,20
891,OKC,48,93,51.6,11,26,42.3,28,35,80.0,13,29,42,26,11,5,21,18
892,MIL,39,83,47.0,12,32,37.5,15,19,78.9,8,39,47,24,5,8,22,17
893,SAC,46,89,51.7,11,32,34.4,20,30,66.7,8,38,46,31,7,6,9,22
894,LAL,52,96,54.2,11,26,42.3,18,24,75.0,12,32,44,32,6,4,4,16
895,HOU,40,81,49.4,8,24,33.3,34,43,79.1,13,28,41,19,12,2,17,22
896,ORL,40,81,49.4,8,23,34.8,8,12,66.7,11,29,40,19,6,4,18,13
897,CHI,43,93,46.2,9,27,33.3,16,24,66.7,6,38,44,28,7,1,12,28
898,PHI,40,91,44.0,14,33,42.4,15,17,88.2,10,32,42,23,7,5,13,21
899,TOR,38,87,43.7,7,24,29.2,22,30,73.3,11,32,43,16,7,2,14,19
900,WAS,39,86,45.3,12,33,36.4,26,35,74.3,18,38,56,23,3,9,14,23
901,MIA,48,101,47.5,11,35,31.4,13,18,72.2,12,38,50,19,11,3,17,24
902,IND,40,92,43.5,12,34,35.3,27,33,81.8,9,26,35,25,12,5,19,35
903,DEN,45,85,52.9,12,32,37.5,7,13,53.8,9,24,33,31,8,0,16,12
904,NOP,40,92,43.5,12,42,28.6,25,26,96.2,10,43,53,25,9,5,9,18
905,DAL,46,86,53.5,19,46,41.3,14,29,48.3,4,26,30,25,8,7,13,24
906,PHI,32,77,41.6,6,26,23.1,15,18,83.3,7,23,30,19,7,1,16,11
907,CHI,41,82,50.0,4,25,16.0,27,33,81.8,5,30,35,21,5,6,12,19
908,IND,40,100,40.0,12,37,32.4,22,30,73.3,12,35,47,28,8,5,15,21
909,TOR,42,88,47.7,11,38,28.9,13,19,68.4,3,27,30,29,12,7,16,21
910,SAS,41,92,44.6,10,37,27.0,19,25,76.0,13,31,44,27,5,2,11,20
911,LAC,37,93,39.8,10,30,33.3,28,36,77.8,17,22,39,16,9,5,11,23
912,ATL,51,94,54.3,8,32,25.0,15,19,78.9,14,35,49,25,8,3,12,17
913,HOU,37,88,42.0,12,41,29.3,14,18,77.8,10,29,39,18,5,6,14,20
914,WAS,39,89,43.8,6,24,25.0,23,34,67.6,14,37,51,19,6,5,14,21
915,MIL,39,90,43.3,10,35,28.6,21,26,80.8,14,38,52,23,3,6,6,15
916,MEM,37,87,42.5,9,26,34.6,18,30,60.0,20,39,59,17,7,4,27,20
917,POR,42,90,46.7,8,24,33.3,17,21,81.0,12,33,45,21,4,5,12,25
918,MIA,47,90,52.2,18,40,45.0,9,9,100.0,9,23,32,25,8,3,15,21
919,LAC,41,89,46.1,13,31,41.9,23,28,82.1,14,34,48,26,6,7,13,18
920,GSW,42,88,47.7,11,43,25.6,18,23,78.3,10,40,50,27,6,3,18,23
921,NYK,54,96,56.3,16,35,45.7,16,21,76.2,17,34,51,31,9,1,14,19
922,OKC,34,92,37.0,12,38,31.6,21,23,91.3,18,29,47,16,11,4,19,22
923,PHX,50,94,53.2,10,32,31.3,12,14,85.7,11,34,45,26,9,7,17,20
924,CHI,43,93,46.2,6,22,27.3,22,25,88.0,13,37,50,21,6,3,8,17
925,ORL,38,80,47.5,13,31,41.9,13,22,59.1,9,26,35,18,9,5,18,18
926,HOU,39,85,45.9,16,44,36.4,19,25,76.0,12,25,37,25,4,2,17,20
927,CLE,34,90,37.8,7,38,18.4,13,16,81.3,13,34,47,21,7,3,10,18
928,MIN,42,84,50.0,7,27,25.9,36,42,85.7,15,30,45,20,4,3,18,23
929,IND,43,105,41.0,17,49,34.7,13,16,81.3,12,37,49,29,6,10,10,24
930,ATL,37,74,50.0,12,27,44.4,15,22,68.2,8,34,42,26,7,6,20,21
931,CHA,42,86,48.8,11,29,37.9,10,15,66.7,13,24,37,28,7,2,20,14
932,POR,35,79,44.3,12,33,36.4,15,22,68.2,11,31,42,27,4,2,13,16
933,DAL,41,80,51.3,17,41,41.5,16,25,64.0,6,26,32,23,6,2,13,17
934,MIA,40,82,48.8,9,33,27.3,17,19,89.5,6,40,46,28,8,5,14,16
935,GSW,50,87,57.5,20,47,42.6,17,20,85.0,8,39,47,36,7,6,16,26
936,IND,36,94,38.3,9,42,21.4,19,23,82.6,9,30,39,23,14,4,13,28
937,WAS,44,82,53.7,7,28,25.0,26,33,78.8,6,23,29,23,8,1,4,21
938,MEM,46,95,48.4,12,32,37.5,23,31,74.2,16,34,50,32,4,2,11,23
939,CLE,33,77,42.9,8,28,28.6,28,33,84.8,10,31,41,14,3,4,14,20
940,PHI,50,77,64.9,11,27,40.7,22,27,81.5,6,37,43,32,10,8,16,19
941,UTA,40,79,50.6,13,32,40.6,19,25,76.0,8,32,40,20,5,2,12,19
942,OKC,38,97,39.2,10,44,22.7,19,23,82.6,16,25,41,19,12,3,15,15
943,DAL,35,73,47.9,11,39,28.2,19,24,79.2,4,30,34,28,7,5,16,26
944,LAL,47,81,58.0,17,33,51.5,32,37,86.5,3,36,39,25,4,7,17,20
945,WAS,40,93,43.0,11,39,28.2,16,20,80.0,13,32,45,27,7,9,12,18
946,BKN,47,88,53.4,15,41,36.6,8,10,80.0,5,33,38,27,2,8,19,28
947,DEN,44,89,49.4,10,30,33.3,16,23,69.6,10,27,37,27,9,5,6,24
948,DET,39,92,42.4,9,26,34.6,15,16,93.8,19,30,49,21,6,3,19,22
949,NOP,37,86,43.0,10,31,32.3,27,31,87.1,11,30,41,26,9,4,13,22
950,PHI,39,82,47.6,14,36,38.9,15,18,83.3,13,34,47,25,7,1,16,19
951,CHI,44,101,43.6,12,33,36.4,19,23,82.6,14,33,47,25,5,4,15,24
952,UTA,46,97,47.4,11,45,24.4,15,17,88.2,15,27,42,28,12,6,13,15
953,ATL,39,82,47.6,15,39,38.5,29,36,80.6,6,22,28,14,9,6,14,26
954,LAL,40,83,48.2,8,27,29.6,17,20,85.0,10,39,49,28,12,5,22,16
955,MIN,41,96,42.7,9,41,22.0,17,18,94.4,11,34,45,24,7,9,16,27
956,CLE,34,87,39.1,12,33,36.4,22,26,84.6,10,31,41,12,9,2,9,17
957,SAC,36,87,41.4,9,36,25.0,23,26,88.5,11,34,45,20,3,4,18,22
958,POR,42,85,49.4,10,32,31.3,38,51,74.5,13,35,48,24,3,3,13,24
959,MIN,47,77,61.0,8,22,36.4,13,17,76.5,8,42,50,31,9,10,23,18
960,DAL,44,82,53.7,11,31,35.5,13,21,61.9,5,30,35,20,4,3,14,23
961,DEN,42,88,47.7,14,38,36.8,33,41,80.5,17,38,55,31,4,8,19,24
962,SAC,41,89,46.1,9,31,29.0,15,21,71.4,10,38,48,27,6,2,19,23
963,BKN,45,82,54.9,17,38,44.7,5,7,71.4,7,32,39,32,10,11,21,24
964,LAC,39,86,45.3,11,29,37.9,18,27,66.7,10,33,43,22,5,2,17,13
965,PHI,38,86,44.2,9,38,23.7,16,18,88.9,8,37,45,20,9,3,19,23
966,DET,44,89,49.4,12,24,50.0,25,27,92.6,8,30,38,24,9,2,7,20
967,NOP,47,82,57.3,14,33,42.4,21,30,70.0,8,34,42,33,8,5,21,22
968,WAS,42,89,47.2,10,38,26.3,11,19,57.9,7,36,43,27,7,5,14,20
969,POR,35,78,44.9,13,31,41.9,13,13,100.0,11,21,32,28,9,4,17,24
970,CHI,43,87,49.4,18,42,42.9,14,18,77.8,5,30,35,30,9,12,13,20
971,BKN,44,80,55.0,9,28,32.1,9,13,69.2,4,31,35,31,5,13,15,15
972,LAL,36,85,42.4,4,22,18.2,29,35,82.9,7,38,45,19,8,7,17,12
973,SAC,39,90,43.3,15,45,33.3,20,27,74.1,9,36,45,27,11,2,20,25
974,DET,45,88,51.1,8,28,28.6,12,14,85.7,12,28,40,27,7,5,16,24
975,MIA,35,90,38.9,11,38,28.9,20,30,66.7,12,34,46,26,9,5,15,20
976,GSW,28,74,37.8,10,43,23.3,17,19,89.5,4,30,34,17,9,5,27,20
977,NYK,51,97,52.6,11,34,32.4,16,20,80.0,14,34,48,21,10,2,15,28
978,ATL,38,87,43.7,11,34,32.4,15,17,88.2,10,25,35,24,11,3,17,21
979,BOS,38,87,43.7,19,50,38.0,12,17,70.6,5,33,38,28,3,4,15,18
980,UTA,40,89,44.9,12,38,31.6,22,24,91.7,16,29,45,22,8,5,17,18
981,ORL,36,85,42.4,11,35,31.4,19,25,76.0,12,26,38,20,10,2,17,25
982,POR,44,93,47.3,8,29,27.6,15,19,78.9,12,28,40,19,5,3,16,17
983,GSW,46,86,53.5,24,47,51.1,11,15,73.3,8,32,40,38,8,5,17,22
984,SAS,41,105,39.0,7,34,20.6,3,10,30.0,13,31,44,26,7,2,10,17
985,DET,47,89,52.8,15,29,51.7,20,23,87.0,10,25,35,20,4,3,12,24
986,MIA,31,80,38.8,6,31,19.4,19,22,86.4,11,19,30,17,6,3,16,16
987,NYK,34,85,40.0,7,25,28.0,20,25,80.0,10,29,39,20,4,7,11,15
988,MEM,43,99,43.4,12,37,32.4,17,31,54.8,13,31,44,28,13,0,10,12
989,DEN,37,78,47.4,9,27,33.3,15,19,78.9,4,40,44,22,10,5,16,20
990,CHA,39,100,39.0,8,32,25.0,16,23,69.6,15,36,51,19,5,5,13,18
991,MIN,40,85,47.1,12,36,33.3,20,24,83.3,8,35,43,28,9,2,20,25
992,SAS,36,87,41.4,7,26,26.9,18,21,85.7,15,28,43,22,4,2,15,13
993,ORL,39,91,42.9,16,42,38.1,19,26,73.1,11,30,41,16,8,6,11,17
994,TOR,48,108,44.4,8,37,21.6,18,22,81.8,17,34,51,27,11,6,14,25
995,UTA,42,91,46.2,14,39,35.9,20,23,87.0,11,31,42,23,6,4,13,20
996,CHA,44,110,40.0,14,44,31.8,20,24,83.3,17,36,53,24,11,6,16,33
997,BOS,41,85,48.2,20,46,43.5,15,17,88.2,11,35,46,28,6,3,17,13
998,DET,43,92,46.7,11,34,32.4,24,32,75.0,10,27,37,27,9,4,11,30
999,PHX,49,94,52.1,9,30,30.0,26,28,92.9,12,30,42,29,7,6,14,25
1000,MIA,35,98,35.7,11,43,25.6,25,32,78.1,10,43,53,23,6,4,10,15
1001,IND,33,82,40.2,12,41,29.3,21,27,77.8,12,33,45,25,8,10,15,26
1002,NYK,30,87,34.5,9,34,26.5,32,34,94.1,13,32,45,16,8,7,16,16
1003,OKC,45,96,46.9,11,34,32.4,9,11,81.8,8,35,43,34,5,9,11,28
1004,DEN,38,90,42.2,10,30,33.3,13,18,72.2,13,23,36,24,4,1,13,20
1005,ORL,38,77,49.4,12,28,42.9,20,22,90.9,6,35,41,25,4,7,16,25
1006,MIL,41,90,45.6,12,36,33.3,8,21,38.1,8,34,42,22,8,7,13,18
1007,DET,33,88,37.5,6,31,19.4,19,24,79.2,10,33,43,15,9,7,13,26
1008,BKN,40,79,50.6,11,29,37.9,18,23,78.3,5,42,47,32,4,5,17,24
1009,SAS,46,84,54.8,11,26,42.3,9,12,75.0,7,25,32,29,8,6,19,22
1010,NYK,37,84,44.0,8,34,23.5,24,31,77.4,6,34,40,24,12,5,8,18
1011,CLE,36,84,42.9,12,28,42.9,14,17,82.4,6,28,34,22,7,7,8,18
1012,OKC,44,81,54.3,16,31,51.6,17,26,65.4,9,28,37,24,4,7,15,22
1013,MIA,36,66,54.5,13,35,37.1,19,22,86.4,4,19,23,19,5,4,23,20
1014,BOS,48,88,54.5,21,46,45.7,9,10,90.0,6,43,49,29,4,8,15,20
1015,MIN,46,88,52.3,12,36,33.3,22,28,78.6,8,32,40,28,15,6,11,15
1016,IND,44,82,53.7,11,28,39.3,26,31,83.9,7,27,34,27,11,9,14,18
1017,GSW,42,92,45.7,18,42,42.9,17,17,100.0,6,34,40,30,5,3,17,23
1018,HOU,35,75,46.7,10,22,45.5,21,24,87.5,9,47,56,21,1,19,23,19
1019,CHI,44,89,49.4,11,32,34.4,11,17,64.7,7,30,37,25,2,1,12,18
1020,NYK,44,93,47.3,11,32,34.4,19,25,76.0,13,30,43,26,10,3,14,25
1021,LAC,34,64,53.1,12,28,42.9,21,26,80.8,3,37,40,23,8,2,21,27
1022,BKN,40,81,49.4,11,28,39.3,30,33,90.9,3,26,29,25,5,3,17,18
1023,SAS,44,85,51.8,9,29,31.0,13,17,76.5,11,27,38,34,7,5,19,25
1024,MEM,38,92,41.3,9,35,25.7,17,25,68.0,14,37,51,16,6,8,11,17
1025,OKC,47,98,48.0,11,30,36.7,17,21,81.0,10,41,51,21,4,6,20,21
1026,TOR,40,82,48.8,8,27,29.6,27,28,96.4,12,30,42,27,7,8,17,27
1027,LAC,41,81,50.6,14,38,36.8,26,33,78.8,9,35,44,25,6,4,17,23
1028,PHX,48,99,48.5,14,36,38.9,2,4,50.0,20,25,45,22,9,4,14,22
1029,ATL,44,92,47.8,7,20,35.0,26,30,86.7,13,32,45,23,4,4,9,23
1030,CHA,42,88,47.7,7,35,20.0,21,24,87.5,14,23,37,22,15,7,13,23
1031,SAS,36,100,36.0,10,40,25.0,13,19,68.4,22,31,53,18,6,6,19,17
1032,DEN,48,80,60.0,13,27,48.1,17,21,81.0,5,31,36,33,11,3,16,17
1033,OKC,55,88,62.5,17,31,54.8,18,20,90.0,4,34,38,31,9,5,19,27
1034,MIN,46,82,56.1,12,24,50.0,25,34,73.5,11,36,47,30,5,4,13,30
1035,MEM,38,96,39.6,9,28,32.1,7,10,70.0,14,37,51,21,7,6,17,24
1036,GSW,42,90,46.7,16,47,34.0,15,16,93.8,8,35,43,27,5,5,18,20
1037,BKN,36,80,45.0,7,27,25.9,24,31,77.4,8,33,41,22,5,5,13,17
1038,UTA,37,94,39.4,11,37,29.7,13,23,56.5,18,32,50,23,3,4,18,17
1039,UTA,44,94,46.8,14,40,35.0,10,11,90.9,7,35,42,33,4,3,12,17
1040,BKN,40,83,48.2,16,35,45.7,14,21,66.7,6,35,41,27,9,6,13,18
1041,POR,36,80,45.0,13,31,41.9,27,35,77.1,12,32,44,20,6,2,12,21
1042,ATL,40,89,44.9,6,24,25.0,23,27,85.2,12,31,43,20,4,2,19,19
1043,HOU,40,79,50.6,12,36,33.3,14,18,77.8,10,33,43,24,7,4,26,23
1044,BOS,39,91,42.9,18,48,37.5,21,24,87.5,9,33,42,27,6,4,7,17
1045,CHA,46,90,51.1,9,31,29.0,14,16,87.5,4,33,37,25,4,3,12,21
1046,TOR,37,94,39.4,7,35,20.0,23,29,79.3,16,27,43,14,12,8,12,18
1047,CLE,37,92,40.2,8,30,26.7,19,26,73.1,14,32,46,25,6,3,13,17
1048,TOR,38,88,43.2,11,30,36.7,26,36,72.2,14,25,39,20,13,4,16,16
1049,DET,37,80,46.3,7,31,22.6,31,41,75.6,12,31,43,22,6,6,15,23
1050,MIN,37,79,46.8,10,30,33.3,19,22,86.4,7,26,33,29,10,4,15,25
1051,DEN,42,92,45.7,12,29,41.4,16,20,80.0,11,27,38,26,3,1,6,16
1052,PHX,38,95,40.0,13,42,31.0,8,9,88.9,11,27,38,22,7,4,11,14
1053,MIL,32,98,32.7,12,43,27.9,17,23,73.9,21,27,48,22,7,5,17,14
1054,SAC,45,87,51.7,12,36,33.3,18,21,85.7,10,30,40,27,10,4,15,17
1055,DAL,37,86,43.0,18,47,38.3,13,21,61.9,7,34,41,19,9,1,13,13
1056,POR,37,85,43.5,12,34,35.3,20,26,76.9,11,35,46,25,8,2,9,14
1057,CHA,43,88,48.9,14,39,35.9,12,20,60.0,8,42,50,23,4,2,21,30
1058,PHI,32,83,38.6,6,30,20.0,25,30,83.3,9,36,45,15,10,5,17,22
1059,POR,40,75,53.3,11,34,32.4,14,25,56.0,8,37,45,28,5,4,18,19
1060,DET,37,89,41.6,7,33,21.2,31,40,77.5,15,33,48,15,7,3,10,19
1061,MEM,50,98,51.0,14,32,43.8,10,13,76.9,18,35,53,24,4,2,20,22
1062,NOP,42,84,50.0,3,19,15.8,28,36,77.8,13,37,50,20,8,5,16,18
1063,MIL,50,106,47.2,17,36,47.2,19,22,86.4,11,44,55,27,8,7,17,23
1064,HOU,37,84,44.0,9,35,25.7,26,31,83.9,16,33,49,29,9,7,16,18
1065,PHX,47,97,48.5,16,35,45.7,19,20,95.0,10,26,36,31,10,3,11,21
1066,DEN,43,88,48.9,12,28,42.9,24,26,92.3,11,36,47,27,10,7,22,15
1067,NYK,28,87,32.2,12,43,27.9,17,26,65.4,11,35,46,21,5,4,15,18
1068,CLE,46,86,53.5,11,26,42.3,17,20,85.0,12,30,42,24,4,1,18,23
1069,DAL,32,85,37.6,11,42,26.2,12,19,63.2,4,25,29,17,14,4,6,19
1070,LAL,40,88,45.5,10,32,31.3,11,17,64.7,8,35,43,26,7,2,16,20
1071,UTA,44,94,46.8,17,39,43.6,20,24,83.3,13,34,47,27,5,6,13,20
1072,PHX,32,73,43.8,6,19,31.6,18,22,81.8,6,31,37,19,8,5,15,24
1073,POR,38,72,52.8,16,37,43.2,18,21,85.7,4,33,37,27,7,2,19,16
1074,NYK,39,89,43.8,19,48,39.6,23,25,92.0,9,34,43,26,13,2,19,23
1075,BOS,38,82,46.3,12,37,32.4,21,28,75.0,7,38,45,26,5,6,15,19
1076,CLE,43,83,51.8,16,33,48.5,15,21,71.4,10,38,48,29,6,2,17,21
1077,HOU,46,87,52.9,24,48,50.0,18,25,72.0,14,26,40,31,9,6,22,23
1078,WAS,42,80,52.5,5,19,26.3,19,30,63.3,10,37,47,21,2,6,15,18
1079,LAL,40,82,48.8,9,24,37.5,27,30,90.0,7,26,33,15,7,5,16,21
1080,DEN,47,88,53.4,8,24,33.3,13,20,65.0,8,32,40,33,14,7,22,14
1081,TOR,36,85,42.4,9,28,32.1,16,22,72.7,5,26,31,24,10,7,15,20
1082,BKN,35,80,43.8,10,29,34.5,14,19,73.7,14,20,34,22,13,5,14,26
1083,OKC,41,102,40.2,10,33,30.3,11,17,64.7,16,30,46,23,9,11,10,26
1084,NOP,48,97,49.5,14,34,41.2,12,17,70.6,13,30,43,32,7,4,10,20
1085,MIL,36,87,41.4,13,40,32.5,13,16,81.3,6,35,41,21,5,9,19,18
1086,SAC,37,91,40.7,14,40,35.0,25,29,86.2,9,34,43,24,9,0,11,20
1087,UTA,35,75,46.7,15,40,37.5,25,26,96.2,7,35,42,18,5,4,21,15
1088,CLE,37,84,44.0,8,32,25.0,32,36,88.9,9,39,48,19,7,6,14,20
1089,CHI,40,88,45.5,13,36,36.1,11,13,84.6,15,31,46,27,5,10,17,20
1090,WAS,41,96,42.7,8,41,19.5,7,10,70.0,15,34,49,25,5,5,10,21
1091,SAC,47,93,50.5,15,40,37.5,17,26,65.4,6,30,36,24,5,4,14,20
1092,OKC,36,84,42.9,12,35,34.3,10,16,62.5,9,29,38,22,6,3,16,18
1093,BKN,33,84,39.3,12,36,33.3,20,22,90.9,9,32,41,23,8,10,11,21
1094,POR,30,79,38.0,7,15,46.7,15,24,62.5,8,32,40,22,5,7,18,26
1095,BOS,47,88,53.4,27,51,52.9,12,12,100.0,8,26,34,30,5,2,13,17
1096,HOU,40,84,47.6,16,38,42.1,21,31,67.7,12,21,33,27,10,0,23,18
1097,NOP,47,108,43.5,7,23,30.4,20,28,71.4,19,40,59,23,8,6,16,24
1098,SAS,39,80,48.8,12,30,40.0,11,19,57.9,6,22,28,28,8,3,15,13
1099,POR,43,85,50.6,10,23,43.5,12,15,80.0,11,31,42,30,6,3,18,24
1100,NYK,37,80,46.3,9,33,27.3,23,27,85.2,10,40,50,24,5,8,22,21
1101,GSW,35,71,49.3,12,32,37.5,23,25,92.0,3,26,29,23,7,1,23,25
1102,CHA,33,86,38.4,8,27,29.6,25,31,80.6,12,29,41,22,11,7,18,17
1103,CHI,43,83,51.8,11,28,39.3,22,25,88.0,4,33,37,21,8,5,17,28
1104,CLE,44,81,54.3,11,26,42.3,13,16,81.3,10,37,47,30,5,13,19,15
1105,LAC,42,80,52.5,15,33,45.5,14,19,73.7,3,41,44,26,6,5,16,25
1106,TOR,39,88,44.3,11,34,32.4,21,25,84.0,18,26,44,20,10,4,19,22
1107,MIA,31,81,38.3,11,39,28.2,26,26,100.0,8,34,42,17,10,2,19,22
1108,UTA,52,103,50.5,17,40,42.5,9,10,90.0,15,33,48,31,8,3,8,22
1109,BKN,50,90,55.6,14,28,50.0,14,14,100.0,7,41,48,32,8,7,9,19
1110,MIL,41,85,48.2,17,38,44.7,16,28,57.1,7,44,51,29,7,2,13,22
1111,GSW,50,97,51.5,19,43,44.2,10,15,66.7,9,26,35,31,5,3,14,32
1112,DEN,45,84,53.6,18,31,58.1,14,16,87.5,8,39,47,32,5,2,20,15
1113,TOR,57,106,53.8,14,33,42.4,15,16,93.8,9,41,50,31,16,6,11,17
1114,UTA,39,84,46.4,10,30,33.3,12,14,85.7,12,28,40,28,6,1,17,17
1115,LAC,41,84,48.8,12,33,36.4,15,19,78.9,9,34,43,20,10,6,15,20
1116,ATL,44,107,41.1,12,34,35.3,12,16,75.0,17,34,51,28,11,4,9,18
1117,CHA,36,92,39.1,7,32,21.9,9,16,56.3,13,34,47,22,12,12,17,14
1118,SAC,41,86,47.7,13,36,36.1,12,14,85.7,4,35,39,29,4,3,12,18
1119,DET,33,79,41.8,11,31,35.5,14,15,93.3,2,33,35,18,7,3,21,22
1120,NOP,47,102,46.1,8,25,32.0,15,21,71.4,11,40,51,35,10,5,14,20
1121,BOS,38,93,40.9,11,41,26.8,26,27,96.3,8,44,52,26,5,9,14,24
1122,MEM,38,83,45.8,13,28,46.4,22,27,81.5,10,36,46,28,7,5,15,19
1123,WAS,45,78,57.7,5,21,23.8,26,32,81.3,7,36,43,27,4,9,8,18
1124,MIN,37,87,42.5,13,34,38.2,20,24,83.3,10,32,42,24,5,4,18,24
1125,GSW,39,84,46.4,18,49,36.7,13,17,76.5,10,31,41,31,8,5,20,22
1126,CHI,39,89,43.8,12,30,40.0,18,21,85.7,11,33,44,20,8,4,10,13
1127,ORL,39,87,44.8,10,29,34.5,20,20,100.0,12,37,49,20,7,10,25,14
1128,PHI,46,83,55.4,12,30,40.0,14,20,70.0,4,33,37,26,14,3,14,20
1129,SAC,37,85,43.5,17,44,38.6,24,28,85.7,10,32,42,26,8,4,19,19
1130,MEM,38,92,41.3,6,26,23.1,23,42,54.8,18,34,52,14,8,4,16,17
1131,DET,41,92,44.6,8,29,27.6,18,21,85.7,13,30,43,19,9,3,12,24
1132,HOU,34,88,38.6,8,28,28.6,17,23,73.9,7,37,44,17,9,8,15,16
1133,ATL,39,84,46.4,11,29,37.9,20,25,80.0,7,30,37,28,1,4,18,27
1134,IND,41,87,47.1,11,39,28.2,16,23,69.6,10,28,38,23,11,5,24,24
1135,MIN,40,99,40.4,4,29,13.8,14,20,70.0,16,29,45,21,11,7,11,23
1136,WAS,38,98,38.8,7,32,21.9,11,16,68.8,15,36,51,22,5,6,10,20
1137,GSW,39,92,42.4,12,39,30.8,24,25,96.0,13,29,42,23,8,4,15,24
1138,NOP,46,93,49.5,15,36,41.7,5,8,62.5,12,38,50,32,9,1,13,15
1139,HOU,38,87,43.7,11,34,32.4,22,26,84.6,17,32,49,18,7,1,15,25
1140,ORL,37,81,45.7,11,29,37.9,20,27,74.1,11,36,47,20,2,5,12,23
1141,DEN,41,96,42.7,15,40,37.5,13,18,72.2,13,35,48,24,3,8,9,15
1142,NYK,45,92,48.9,10,27,37.0,8,16,50.0,12,33,45,26,9,2,14,25
1143,ATL,45,94,47.9,13,29,44.8,12,15,80.0,12,30,42,19,5,2,13,23
1144,GSW,44,100,44.0,13,44,29.5,12,16,75.0,10,39,49,31,8,6,10,31
1145,MIA,38,89,42.7,11,28,39.3,26,31,83.9,9,25,34,18,7,3,9,25
1146,OKC,44,89,49.4,5,25,20.0,24,31,77.4,9,38,47,25,9,6,15,29
1147,MEM,50,88,56.8,12,27,44.4,11,15,73.3,10,30,40,24,11,5,20,26
1148,PHI,39,79,49.4,14,29,48.3,22,27,81.5,8,33,41,28,8,6,19,22
1149,IND,40,94,42.6,23,46,50.0,22,26,84.6,17,36,53,31,7,1,12,25
1150,IND,41,81,50.6,15,29,51.7,30,33,90.9,5,36,41,30,4,7,14,19
1151,NYK,37,93,39.8,12,35,34.3,22,32,68.8,13,41,54,19,6,5,13,19
1152,CHI,47,99,47.5,9,27,33.3,21,26,80.8,15,27,42,20,13,3,13,19
1153,ATL,55,97,56.7,12,29,41.4,14,18,77.8,10,35,45,31,5,8,7,26
1154,NOP,38,86,44.2,15,37,40.5,20,22,90.9,9,24,33,25,10,1,14,21
1155,PHI,43,82,52.4,16,38,42.1,10,11,90.9,7,34,41,25,11,6,15,20
1156,CLE,45,87,51.7,16,35,45.7,26,34,76.5,9,33,42,18,5,2,16,28
1157,CHA,33,86,38.4,11,38,28.9,16,24,66.7,10,37,47,21,3,4,15,18
1158,LAL,37,89,41.6,9,29,31.0,19,27,70.4,12,43,55,20,8,5,22,21
1159,HOU,40,94,42.6,14,38,36.8,17,21,81.0,13,26,39,23,10,6,17,18
1160,UTA,38,91,41.8,10,39,25.6,15,19,78.9,8,30,38,24,7,8,10,30
1161,DAL,41,81,50.6,20,40,50.0,27,35,77.1,7,30,37,25,8,4,18,23
1162,MIA,39,88,44.3,14,43,32.6,18,22,81.8,8,23,31,25,16,5,12,15
1163,LAC,44,82,53.7,9,28,32.1,13,18,72.2,10,34,44,21,6,5,20,17
1164,MEM,49,92,53.3,14,33,42.4,13,18,72.2,11,32,43,27,5,3,14,18
1165,ATL,45,91,49.5,8,22,36.4,20,25,80.0,10,36,46,22,6,12,12,20
1166,SAS,43,95,45.3,16,36,44.4,20,22,90.9,14,27,41,34,6,2,16,18
1167,BKN,34,86,39.5,7,27,25.9,24,30,80.0,7,30,37,23,7,6,14,24
1168,MIA,44,87,50.6,15,38,39.5,16,19,84.2,15,31,46,34,13,2,18,22
1169,ORL,35,81,43.2,6,24,25.0,16,21,76.2,10,33,43,19,6,6,17,29
1170,LAL,40,90,44.4,8,30,26.7,11,16,68.8,7,40,47,25,8,4,14,16
1171,HOU,36,94,38.3,11,40,27.5,18,24,75.0,14,35,49,19,7,2,19,30
1172,CHA,49,99,49.5,13,31,41.9,20,30,66.7,9,33,42,31,9,5,15,24
1173,IND,37,86,43.0,16,40,40.0,19,24,79.2,6,32,38,31,5,12,20,18
1174,PHI,40,79,50.6,16,36,44.4,13,19,68.4,4,30,34,29,6,2,13,12
1175,DET,36,88,40.9,8,28,28.6,19,25,76.0,11,30,41,12,6,1,13,26
1176,DAL,41,82,50.0,12,39,30.8,17,24,70.8,11,26,37,18,8,5,12,16
1177,LAC,35,83,42.2,10,31,32.3,14,18,77.8,7,40,47,21,5,14,19,18
1178,GSW,41,91,45.1,10,35,28.6,13,17,76.5,10,30,40,28,7,7,16,28
1179,UTA,44,93,47.3,11,32,34.4,9,16,56.3,18,31,49,23,8,10,20,27
1180,ORL,36,86,41.9,7,35,20.0,23,27,85.2,13,28,41,14,6,4,13,23
1181,BKN,47,87,54.0,9,29,31.0,21,26,80.8,9,26,35,27,4,7,11,30
1182,TOR,34,86,39.5,14,32,43.8,16,20,80.0,10,42,52,22,6,6,12,22
1183,DEN,45,91,49.5,12,31,38.7,8,14,57.1,10,28,38,28,4,1,8,28
1184,SAS,48,105,45.7,12,37,32.4,7,13,53.8,14,36,50,37,11,0,13,21
1185,IND,38,90,42.2,12,44,27.3,18,23,78.3,14,33,47,27,3,4,13,23
1186,BOS,37,100,37.0,18,48,37.5,10,12,83.3,14,31,45,26,5,7,11,24
1187,WAS,43,87,49.4,12,28,42.9,9,15,60.0,4,31,35,25,9,4,20,24
1188,SAC,47,100,47.0,11,43,25.6,20,25,80.0,13,38,51,31,10,2,16,29
1189,CHA,47,90,52.2,11,26,42.3,21,30,70.0,14,38,52,28,7,6,14,24
1190,PHX,43,93,46.2,15,42,35.7,11,12,91.7,13,36,49,29,5,3,13,18
1191,UTA,43,98,43.9,13,38,34.2,23,28,82.1,15,29,44,29,13,6,17,20
1192,MIN,46,88,52.3,10,34,29.4,14,22,63.6,12,42,54,24,9,3,15,17
1193,POR,37,84,44.0,10,27,37.0,22,27,81.5,13,39,52,19,6,5,19,20
1194,CLE,48,85,56.5,16,27,59.3,16,18,88.9,8,40,48,32,4,5,18,17
1195,HOU,36,93,38.7,16,37,43.2,17,22,77.3,15,32,47,20,9,6,14,22
1196,DET,37,95,38.9,18,42,42.9,23,30,76.7,17,36,53,26,5,3,14,20
1197,OKC,42,94,44.7,15,38,39.5,18,23,78.3,10,37,47,29,10,5,13,27
1198,TOR,37,87,42.5,14,39,35.9,21,28,75.0,8,29,37,24,9,5,6,25
1199,BOS,42,87,48.3,19,47,40.4,23,28,82.1,7,30,37,24,5,6,8,21
1200,SAS,43,89,48.3,16,38,42.1,12,15,80.0,12,31,43,27,5,7,14,20
1201,MEM,34,79,43.0,9,33,27.3,19,24,79.2,6,23,29,20,4,8,18,29
1202,LAC,41,81,50.6,9,22,40.9,20,22,90.9,5,35,40,24,8,3,13,21
1203,SAS,44,81,54.3,17,31,54.8,32,44,72.7,7,30,37,34,9,4,17,22
1204,UTA,49,111,44.1,20,50,40.0,14,21,66.7,19,35,54,39,11,8,13,23
1205,NOP,42,89,47.2,8,22,36.4,32,37,86.5,15,38,53,23,9,7,16,14
1206,MEM,45,98,45.9,19,42,45.2,20,29,69.0,17,33,50,26,8,10,12,21
1207,PHX,43,94,45.7,10,27,37.0,15,21,71.4,9,32,41,31,14,1,17,29
1208,DET,39,90,43.3,9,36,25.0,19,32,59.4,13,36,49,26,6,2,15,21
1209,BOS,41,79,51.9,14,33,42.4,15,15,100.0,12,31,43,17,4,11,20,23
1210,DEN,46,86,53.5,15,34,44.1,21,25,84.0,12,29,41,30,10,2,20,22
1211,CHI,33,79,41.8,7,27,25.9,27,33,81.8,10,28,38,19,8,3,13,15
1212,ORL,33,80,41.3,8,34,23.5,24,30,80.0,10,34,44,16,9,7,19,19
1213,TOR,41,84,48.8,11,28,39.3,12,18,66.7,8,33,41,25,9,4,15,21
1214,LAC,37,80,46.3,9,29,31.0,20,31,64.5,10,48,58,18,7,7,23,24
1215,MIL,34,84,40.5,13,42,31.0,9,14,64.3,7,41,48,24,4,6,14,16
1216,POR,39,88,44.3,11,28,39.3,26,33,78.8,11,33,44,20,11,2,11,17
1217,NOP,50,102,49.0,12,26,46.2,18,25,72.0,21,40,61,31,9,4,13,21
1218,CHI,41,93,44.1,13,36,36.1,21,28,75.0,12,34,46,23,12,6,15,26
1219,DAL,35,75,46.7,14,35,40.0,21,34,61.8,5,35,40,17,6,4,12,22
1220,WAS,42,92,45.7,11,31,35.5,19,24,79.2,14,39,53,21,5,10,17,19
1221,OKC,38,99,38.4,14,45,31.1,18,22,81.8,16,41,57,22,6,6,14,26
1222,DEN,40,83,48.2,5,22,22.7,17,18,94.4,10,25,35,21,10,3,21,23
1223,NYK,44,109,40.4,9,37,24.3,15,18,83.3,18,36,54,28,7,5,12,26
1224,CLE,38,77,49.4,10,28,35.7,19,23,82.6,6,32,38,25,5,5,17,21
1225,HOU,42,98,42.9,9,35,25.7,14,15,93.3,15,39,54,25,4,3,16,20
1226,ORL,42,86,48.8,11,30,36.7,14,19,73.7,10,38,48,21,5,5,18,24
1227,CHA,48,94,51.1,13,29,44.8,20,23,87.0,14,37,51,26,7,10,15,20
1228,PHI,40,80,50.0,13,34,38.2,24,28,85.7,4,27,31,16,8,3,14,25
1229,LAL,40,94,42.6,10,40,25.0,19,25,76.0,9,39,48,23,12,4,22,18
