,Team,FGM,FGA,FG%,3PM,3PA,3P%,FTM,FTA,FT%,OREB,DREB,REB,AST,STL,BLK,TOV,PF
0,TOR,48,95,50.5,11,33,33.3,14,16,87.5,7,38,45,29,8,2,9,19
1,DAL,46,108,42.6,17,53,32.1,8,16,50.0,8,38,46,28,4,3,4,21
2,POR,38,95,40.0,9,35,25.7,16,24,66.7,6,24,30,25,5,3,14,9
3,PHX,42,99,42.4,14,37,37.8,16,22,72.7,12,35,47,29,4,3,7,21
4,CHI,40,95,42.1,6,30,20.0,17,22,77.3,11,37,48,21,15,7,4,16
5,NYK,52,108,48.1,15,40,37.5,17,22,77.3,19,34,53,29,8,8,15,24
6,LAL,47,97,48.5,18,45,40.0,16,21,76.2,10,39,49,28,4,7,11,9
7,MIN,39,82,47.6,13,36,36.1,22,31,71.0,8,34,42,25,7,8,17,22
8,BKN,35,83,42.2,12,32,37.5,23,28,82.1,10,32,42,22,6,6,19,22
9,CLE,35,89,39.3,10,37,27.0,15,16,93.8,11,33,44,27,9,5,16,24
10,OKC,45,90,50.0,12,36,33.3,13,16,81.3,8,41,49,30,5,2,16,17
11,DEN,42,84,50.0,7,28,25.0,18,25,72.0,15,36,51,25,11,2,20,15
12,MIA,45,83,54.2,18,44,40.9,15,20,75.0,7,37,44,30,10,3,18,20
13,WAS,41,97,42.3,14,45,31.1,13,21,61.9,14,37,51,28,11,5,13,21
14,BOS,42,89,47.2,25,54,46.3,11,14,78.6,12,35,47,33,5,3,15,13
15,UTA,44,100,44.0,11,35,31.4,19,23,82.6,17,42,59,30,9,2,16,18
16,LAC,49,93,52.7,12,35,34.3,26,30,86.7,13,38,51,30,7,5,12,17
17,SAS,50,95,52.6,13,29,44.8,18,24,75.0,10,35,45,34,5,4,13,16
18,ATL,51,92,55.4,10,33,30.3,19,28,67.9,4,34,38,32,11,7,21,19
19,IND,41,83,49.4,11,31,35.5,22,28,78.6,9,33,42,29,7,3,19,22
20,SAC,38,98,38.8,11,39,28.2,10,18,55.6,18,22,40,24,10,3,12,16
21,LAL,45,92,48.9,18,36,50.0,13,17,76.5,10,44,54,25,6,6,16,12
22,CHA,38,88,43.2,13,41,31.7,20,27,74.1,7,34,41,22,10,9,17,21
23,MIL,42,92,45.7,21,49,42.9,9,11,81.8,11,27,38,30,5,3,19,15
24,BKN,35,89,39.3,9,42,21.4,22,25,88.0,10,35,45,27,14,3,10,12
25,NOP,42,79,53.2,10,28,35.7,19,20,95.0,4,39,43,27,4,7,12,17
26,DAL,42,93,45.2,18,55,32.7,10,13,76.9,7,36,43,23,7,3,10,15
27,WAS,39,84,46.4,7,33,21.2,29,37,78.4,12,38,50,23,4,3,17,18
28,BOS,45,81,55.6,15,44,34.1,16,21,76.2,13,40,53,37,4,7,21,14
29,PHX,41,79,51.9,17,36,47.2,20,25,80.0,7,26,33,26,4,6,10,16
30,ORL,33,83,39.8,13,39,33.3,15,19,78.9,9,30,39,21,8,8,22,11
31,SAS,47,106,44.3,10,35,28.6,25,28,89.3,18,29,47,29,9,4,15,12
32,PHI,39,76,51.3,10,36,27.8,13,15,86.7,3,29,32,23,7,4,17,18
33,UTA,41,83,49.4,5,31,16.1,11,16,68.8,7,38,45,24,5,2,19,23
34,NOP,44,88,50.0,21,39,53.8,29,39,74.4,8,36,44,35,9,8,16,22
35,IND,45,87,51.7,15,30,50.0,24,30,80.0,10,27,37,33,6,5,17,17
36,BOS,38,89,42.7,11,38,28.9,10,18,55.6,11,37,48,20,5,7,15,14
37,ATL,43,84,51.2,13,30,43.3,35,40,87.5,12,36,48,30,10,5,17,23
38,MIL,39,92,42.4,18,46,39.1,9,11,81.8,13,40,53,26,7,3,13,13
39,DET,41,84,48.8,13,28,46.4,13,14,92.9,9,25,34,27,5,3,14,18
40,DAL,44,89,49.4,20,44,45.5,15,18,83.3,7,32,39,24,4,7,10,18
41,LAC,43,82,52.4,16,36,44.4,23,27,85.2,5,33,38,23,9,4,13,18
42,WAS,50,99,50.5,13,27,48.1,15,21,71.4,9,33,42,30,7,4,9,21
43,PHX,43,89,48.3,10,33,30.3,19,26,73.1,15,42,57,25,7,7,14,12
44,GSW,47,95,49.5,20,47,42.6,22,30,73.3,19,35,54,25,6,6,14,22
45,UTA,47,90,52.2,15,33,45.5,24,31,77.4,6,35,41,29,4,3,14,28
46,BKN,39,90,43.3,13,35,37.1,11,14,78.6,7,33,40,21,6,8,10,18
47,DET,36,73,49.3,11,28,39.3,22,27,81.5,6,29,35,21,5,2,14,22
48,HOU,47,102,46.1,12,31,38.7,18,24,75.0,20,35,55,23,12,3,13,16
49,NOP,37,84,44.0,7,20,35.0,22,27,81.5,9,28,37,20,6,4,14,14
50,MEM,42,87,48.3,18,48,37.5,17,22,77.3,8,41,49,30,5,5,12,10
51,ORL,45,89,50.6,10,23,43.5,13,17,76.5,13,34,47,25,6,1,13,22
52,CHA,36,77,46.8,12,31,38.7,16,19,84.2,6,36,42,27,3,4,18,22
53,CHI,41,89,46.1,7,31,22.6,16,20,80.0,6,26,32,16,8,6,8,18
54,PHI,39,78,50.0,11,29,37.9,14,16,87.5,6,31,37,21,3,7,12,21
55,ATL,51,108,47.2,12,35,34.3,18,22,81.8,16,37,53,28,10,3,11,22
56,MIL,46,80,57.5,10,28,35.7,15,21,71.4,7,35,42,28,8,5,12,17
57,NYK,46,88,52.3,13,32,40.6,13,18,72.2,7,32,39,31,12,4,12,17
58,SAC,49,103,47.6,11,44,25.0,25,32,78.1,13,30,43,24,9,5,15,23
59,BKN,38,86,44.2,9,32,28.1,26,34,76.5,7,33,40,25,6,2,9,26
60,CHA,42,85,49.4,15,31,48.4,9,13,69.2,10,27,37,26,3,4,18,11
61,CHI,50,94,53.2,9,31,29.0,19,22,86.4,4,32,36,29,9,6,3,13
62,OKC,36,88,40.9,11,32,34.4,35,41,85.4,13,28,41,21,7,0,8,23
63,ORL,43,75,57.3,17,33,51.5,25,40,62.5,7,34,41,30,11,6,16,26
64,DEN,44,100,44.0,9,33,27.3,15,18,83.3,17,30,47,24,11,7,13,17
65,HOU,44,102,43.1,13,34,38.2,8,10,80.0,16,28,44,23,4,4,10,18
66,CLE,44,90,48.9,9,24,37.5,18,26,69.2,13,30,43,23,7,7,13,22
67,MIN,38,79,48.1,11,26,42.3,18,23,78.3,7,40,47,29,3,5,18,17
68,NOP,42,86,48.8,7,17,41.2,31,35,88.6,14,26,40,21,6,5,7,15
69,MIA,45,86,52.3,13,37,35.1,26,29,89.7,10,26,36,27,6,0,11,16
70,POR,40,85,47.1,19,38,50.0,15,23,65.2,9,24,33,29,9,6,20,15
71,GSW,47,93,50.5,21,49,42.9,15,21,71.4,14,31,45,37,5,4,15,18
72,MEM,43,96,44.8,9,33,27.3,13,17,76.5,12,39,51,25,11,7,15,16
73,MIN,41,95,43.2,13,39,33.3,16,19,84.2,12,27,39,25,10,4,16,22
74,CHA,35,77,45.5,14,37,37.8,7,10,70.0,4,32,36,27,3,5,22,21
75,BKN,49,88,55.7,15,33,45.5,11,13,84.6,9,32,41,33,9,3,13,17
76,PHX,37,88,42.0,10,27,37.0,16,21,76.2,13,38,51,28,8,7,16,16
77,WAS,41,105,39.0,17,50,34.0,10,12,83.3,15,36,51,24,5,5,13,24
78,PHI,41,73,56.2,12,31,38.7,23,25,92.0,9,28,37,28,7,6,18,20
79,CLE,44,86,51.2,17,37,45.9,11,13,84.6,3,30,33,33,2,9,10,21
80,HOU,38,83,45.8,11,31,35.5,34,45,75.6,14,32,46,18,9,5,12,24
81,IND,45,98,45.9,12,41,29.3,19,28,67.9,20,36,56,30,5,4,16,21
82,BOS,42,96,43.8,17,51,33.3,21,22,95.5,10,32,42,27,8,4,12,14
83,MIL,38,101,37.6,14,43,32.6,9,13,69.2,15,30,45,22,4,1,13,16
84,DEN,32,80,40.0,4,28,14.3,20,32,62.5,11,29,40,21,4,5,10,21
85,MEM,49,95,51.6,11,32,34.4,23,28,82.1,14,31,45,26,8,4,13,20
86,BKN,44,82,53.7,17,35,48.6,18,27,66.7,8,33,41,33,4,9,12,18
87,SAS,45,95,47.4,10,35,28.6,17,21,81.0,9,30,39,31,10,4,15,16
88,PHI,37,80,46.3,17,36,47.2,25,30,83.3,11,32,43,26,9,4,11,19
89,NYK,38,76,50.0,13,31,41.9,12,23,52.2,9,38,47,22,8,3,16,14
90,OKC,39,87,44.8,10,29,34.5,19,25,76.0,10,28,38,19,7,3,10,18
91,PHX,40,96,41.7,6,20,30.0,21,27,77.8,15,33,48,23,11,8,8,16
92,IND,53,101,52.5,14,30,46.7,16,22,72.7,10,19,29,36,9,4,8,25
93,POR,30,93,32.3,9,39,23.1,11,12,91.7,8,37,45,18,5,6,14,15
94,CHI,45,88,51.1,9,33,27.3,11,13,84.6,6,26,32,31,10,4,14,22
95,WAS,54,99,54.5,13,37,35.1,9,13,69.2,6,37,43,33,7,3,11,13
96,MEM,42,88,47.7,12,34,35.3,17,23,73.9,7,42,49,26,11,6,17,17
97,ATL,41,89,46.1,12,27,44.4,26,33,78.8,14,37,51,25,5,3,15,16
98,GSW,43,82,52.4,18,40,45.0,16,22,72.7,11,30,41,32,11,4,19,18
99,TOR,45,93,48.4,8,36,22.2,8,9,88.9,15,32,47,32,8,7,9,13
100,OKC,50,96,52.1,11,30,36.7,23,29,79.3,7,32,39,25,11,3,11,21
101,NYK,50,86,58.1,17,39,43.6,20,28,71.4,7,32,39,35,11,8,11,20
102,UTA,38,86,44.2,9,36,25.0,18,27,66.7,10,37,47,25,2,7,13,19
103,DET,41,92,44.6,7,24,29.2,28,36,77.8,14,33,47,22,5,0,10,20
104,DEN,43,85,50.6,11,32,34.4,19,22,86.4,10,32,42,34,8,4,12,16
105,SAC,39,84,46.4,5,27,18.5,32,40,80.0,12,30,42,16,4,4,10,23
106,LAC,48,81,59.3,20,40,50.0,8,16,50.0,6,31,37,41,10,4,18,17
107,POR,35,90,38.9,7,33,21.2,13,15,86.7,6,23,29,15,6,2,12,16
108,IND,39,93,41.9,8,28,28.6,18,23,78.3,14,29,43,20,6,3,14,19
109,CLE,39,83,47.0,9,30,30.0,21,24,87.5,13,28,41,20,5,7,11,16
110,CHA,39,88,44.3,12,29,41.4,20,24,83.3,14,44,58,27,6,2,14,18
111,BOS,52,91,57.1,18,44,40.9,15,21,71.4,9,52,61,29,4,11,15,18
112,POR,39,82,47.6,14,32,43.8,20,27,74.1,8,29,37,18,5,7,18,22
113,ORL,45,85,52.9,7,22,31.8,22,28,78.6,9,38,47,30,7,3,11,21
114,LAL,38,75,50.7,13,36,36.1,19,28,67.9,8,30,38,24,5,4,18,18
115,TOR,45,98,45.9,11,31,35.5,13,16,81.3,18,35,53,22,13,6,13,19
116,ATL,45,98,45.9,7,31,22.6,22,26,84.6,14,34,48,27,4,5,10,15
117,GSW,34,82,41.5,15,40,37.5,13,17,76.5,6,31,37,25,9,2,16,19
118,DEN,47,89,52.8,15,36,41.7,20,28,71.4,7,41,48,28,4,3,12,18
119,PHX,47,93,50.5,15,32,46.9,16,19,84.2,13,32,45,35,4,9,8,22
120,SAC,44,95,46.3,16,43,37.2,17,21,81.0,14,28,42,30,11,1,9,13
121,LAC,39,75,52.0,15,33,45.5,17,21,81.0,2,29,31,29,9,6,20,14
122,ATL,53,96,55.2,15,30,50.0,22,25,88.0,15,27,42,33,10,8,13,14
123,MIA,38,80,47.5,12,30,40.0,12,14,85.7,8,24,32,22,5,4,14,19
124,WAS,51,85,60.0,15,30,50.0,19,26,73.1,6,37,43,29,3,8,10,16
125,BOS,44,93,47.3,18,42,42.9,14,19,73.7,9,40,49,28,11,6,15,15
126,TOR,41,92,44.6,13,37,35.1,23,29,79.3,15,31,46,25,12,9,11,24
127,SAC,47,89,52.8,13,39,33.3,28,32,87.5,5,28,33,29,6,3,4,23
128,MEM,57,93,61.3,25,42,59.5,12,14,85.7,5,30,35,36,12,7,11,19
129,LAL,42,91,46.2,12,34,35.3,20,28,71.4,16,37,53,20,9,4,11,14
130,UTA,40,104,38.5,11,40,27.5,25,34,73.5,20,31,51,28,6,5,11,15
131,DAL,41,84,48.8,9,36,25.0,18,24,75.0,7,38,45,25,3,4,11,19
132,GSW,42,88,47.7,18,50,36.0,18,24,75.0,10,39,49,27,3,0,11,21
133,POR,37,86,43.0,6,31,19.4,16,18,88.9,8,23,31,23,10,5,14,14
134,NOP,45,98,45.9,11,34,32.4,14,15,93.3,11,41,52,26,11,0,11,14
135,ORL,40,87,46.0,13,32,40.6,18,21,85.7,8,35,43,25,8,7,16,19
136,BKN,39,81,48.1,12,34,35.3,24,27,88.9,9,33,42,24,7,7,16,21
137,LAC,47,84,56.0,18,37,48.6,15,20,75.0,8,34,42,34,9,5,15,9
138,DAL,44,89,49.4,17,40,42.5,20,28,71.4,8,23,31,27,7,2,10,17
139,MIN,45,92,48.9,11,26,42.3,24,29,82.8,11,31,42,27,7,3,11,20
140,MIL,51,98,52.0,15,43,34.9,13,24,54.2,10,44,54,24,10,4,15,14
141,TOR,39,89,43.8,7,34,20.6,29,39,74.4,13,27,40,21,11,7,10,22
142,MEM,45,87,51.7,12,36,33.3,28,33,84.8,12,24,36,27,8,4,11,21
143,WAS,44,87,50.6,4,26,15.4,12,16,75.0,10,27,37,20,4,4,7,15
144,CHI,34,83,41.0,6,25,24.0,17,22,77.3,15,27,42,18,7,4,19,16
145,LAL,39,70,55.7,8,17,47.1,36,46,78.3,5,31,36,27,7,2,15,20
146,MIA,45,79,57.0,16,28,57.1,21,26,80.8,2,27,29,28,9,1,10,18
147,UTA,39,82,47.6,11,35,31.4,26,36,72.2,7,40,47,24,4,5,17,21
148,SAC,39,81,48.1,17,44,38.6,14,21,66.7,10,32,42,25,3,4,14,19
149,LAC,41,86,47.7,6,31,19.4,12,21,57.1,12,34,46,21,9,2,14,21
150,ATL,44,95,46.3,14,38,36.8,27,36,75.0,21,40,61,26,5,6,11,20
151,ORL,43,80,53.8,12,27,44.4,24,25,96.0,7,35,42,27,7,5,16,21
152,BKN,41,92,44.6,9,33,27.3,18,23,78.3,19,30,49,25,6,5,17,19
153,NOP,45,81,55.6,10,24,41.7,19,23,82.6,5,44,49,31,8,2,16,19
154,UTA,46,88,52.3,16,36,44.4,20,23,87.0,6,42,48,33,3,8,12,23
155,PHI,38,90,42.2,10,36,27.8,19,22,86.4,9,45,54,28,8,8,21,25
156,NYK,48,85,56.5,14,28,50.0,24,28,85.7,7,27,34,26,7,3,17,22
157,HOU,39,93,41.9,10,36,27.8,20,24,83.3,13,28,41,14,14,2,18,14
158,CHA,41,90,45.6,10,31,32.3,23,32,71.9,10,27,37,26,12,6,11,22
159,MEM,41,89,46.1,10,35,28.6,20,26,76.9,17,33,50,21,5,3,11,18
160,SAS,51,94,54.3,14,28,50.0,10,16,62.5,10,31,41,26,9,5,12,18
161,OKC,42,84,50.0,11,28,39.3,29,36,80.6,6,38,44,20,8,3,16,20
162,DET,38,82,46.3,10,32,31.3,14,17,82.4,9,30,39,26,4,2,13,20
163,MIL,43,82,52.4,16,45,35.6,16,21,76.2,7,38,45,35,3,8,12,13
164,LAL,36,78,46.2,13,32,40.6,26,32,81.3,9,43,52,25,2,9,15,19
165,BKN,38,82,46.3,12,35,34.3,14,16,87.5,9,24,33,26,10,3,12,16
166,POR,37,82,45.1,6,29,20.7,22,24,91.7,11,29,40,24,7,9,15,14
167,HOU,31,76,40.8,9,33,27.3,36,38,94.7,8,28,36,15,4,2,13,22
168,LAC,42,90,46.7,6,22,27.3,18,24,75.0,13,30,43,23,9,3,15,24
169,TOR,48,90,53.3,9,27,33.3,17,21,81.0,9,36,45,23,11,3,15,25
170,MEM,52,95,54.7,18,38,47.4,11,17,64.7,11,28,39,35,5,5,7,24
171,UTA,42,97,43.3,17,41,41.5,17,22,77.3,17,39,56,29,3,5,7,14
172,CHI,45,80,56.3,17,34,50.0,6,6,100.0,5,27,32,34,8,5,14,18
173,NYK,41,83,49.4,9,32,28.1,25,28,89.3,15,28,43,23,9,4,12,16
174,WAS,41,91,45.1,13,36,36.1,23,27,85.2,12,34,46,27,6,5,10,18
175,IND,45,87,51.7,12,31,38.7,19,20,95.0,12,29,41,28,5,5,17,17
176,SAS,39,98,39.8,20,52,38.5,22,29,75.9,16,38,54,31,11,4,20,19
177,CHA,29,86,33.7,5,35,14.3,19,26,73.1,7,28,35,20,10,6,14,16
178,LAL,43,84,51.2,5,20,25.0,19,31,61.3,13,29,42,23,8,3,12,18
179,ATL,47,100,47.0,16,41,39.0,17,25,68.0,13,32,45,27,7,8,11,15
180,POR,38,79,48.1,14,38,36.8,22,31,71.0,8,29,37,20,12,4,19,26
181,CLE,48,87,55.2,4,19,21.1,17,22,77.3,9,32,41,31,9,7,11,19
182,CHI,51,94,54.3,11,24,45.8,26,30,86.7,6,41,47,23,9,6,12,21
183,HOU,43,88,48.9,11,32,34.4,17,24,70.8,15,37,52,20,9,3,13,19
184,DET,39,85,45.9,12,27,44.4,10,18,55.6,13,24,37,24,8,3,17,20
185,BKN,33,80,41.3,14,39,35.9,16,23,69.6,3,38,41,20,8,4,7,22
186,TOR,47,97,48.5,14,32,43.8,20,28,71.4,19,40,59,29,10,6,10,20
187,PHX,43,90,47.8,13,35,37.1,17,17,100.0,7,28,35,26,7,5,14,22
188,MIL,47,89,52.8,11,32,34.4,18,26,69.2,9,35,44,26,5,4,12,16
189,LAC,46,96,47.9,16,34,47.1,26,32,81.3,16,28,44,30,11,1,8,18
190,MIA,49,82,59.8,13,29,44.8,27,33,81.8,8,33,41,33,8,5,13,16
191,SAS,49,107,45.8,15,34,44.1,15,26,57.7,16,31,47,26,7,4,10,30
192,CHI,38,97,39.2,16,42,38.1,22,25,88.0,13,35,48,28,13,4,15,24
193,MIN,37,84,44.0,12,36,33.3,16,22,72.7,8,38,46,27,3,2,13,23
194,HOU,47,89,52.8,8,29,27.6,12,19,63.2,16,35,51,22,5,3,18,29
195,CLE,40,85,47.1,14,41,34.1,15,22,68.2,12,21,33,20,6,2,12,18
196,CHA,43,76,56.6,6,23,26.1,12,15,80.0,6,34,40,28,3,8,22,18
197,TOR,49,93,52.7,12,30,40.0,15,17,88.2,14,30,44,25,10,2,11,18
198,NOP,42,98,42.9,11,43,25.6,13,20,65.0,15,26,41,23,9,3,12,24
199,OKC,45,99,45.5,11,33,33.3,20,23,87.0,14,37,51,22,9,0,11,25
200,POR,38,99,38.4,17,45,37.8,14,18,77.8,11,27,38,22,8,3,12,19
201,PHX,41,95,43.2,8,23,34.8,14,16,87.5,8,33,41,23,7,3,11,26
202,WAS,44,85,51.8,7,32,21.9,22,22,100.0,10,38,48,24,9,9,15,12
203,SAS,48,85,56.5,22,41,53.7,14,18,77.8,7,40,47,39,6,7,15,17
204,DAL,35,90,38.9,12,46,26.1,6,8,75.0,8,33,41,23,3,3,13,16
205,MIA,37,79,46.8,14,34,41.2,31,36,86.1,9,28,37,20,12,4,13,13
206,ATL,44,97,45.4,4,22,18.2,23,28,82.1,18,33,51,17,6,4,16,19
207,SAC,46,104,44.2,21,50,42.0,11,15,73.3,15,30,45,31,4,2,9,21
208,DET,48,100,48.0,14,36,38.9,7,10,70.0,19,33,52,28,10,5,15,21
209,HOU,40,90,44.4,11,35,31.4,20,27,74.1,15,33,48,27,9,2,11,21
210,GSW,45,83,54.2,19,39,48.7,14,24,58.3,9,32,41,28,8,6,16,21
211,NOP,43,86,50.0,19,40,47.5,22,29,75.9,8,35,43,35,11,7,15,19
212,DEN,45,90,50.0,12,31,38.7,18,24,75.0,15,34,49,27,4,8,15,19
213,LAL,43,89,48.3,12,36,33.3,10,17,58.8,10,27,37,24,6,2,11,17
214,SAS,33,88,37.5,10,36,27.8,14,19,73.7,10,40,50,24,3,7,19,18
215,CHA,41,80,51.3,10,21,47.6,16,22,72.7,7,36,43,25,8,5,19,26
216,PHI,41,80,51.3,11,29,37.9,19,23,82.6,9,33,42,29,6,10,9,19
217,NOP,34,81,42.0,12,34,35.3,16,19,84.2,8,35,43,23,3,4,22,25
218,HOU,41,85,48.2,16,34,47.1,13,17,76.5,6,27,33,28,10,3,16,19
219,ATL,50,100,50.0,10,34,29.4,15,16,93.8,13,35,48,24,4,4,10,17
220,GSW,46,112,41.1,23,55,41.8,10,11,90.9,18,47,65,33,12,4,15,15
221,PHX,44,89,49.4,13,44,29.5,18,22,81.8,7,33,40,30,11,3,14,26
222,ORL,48,99,48.5,13,37,35.1,17,20,85.0,15,39,54,34,10,10,19,20
223,MEM,41,86,47.7,10,38,26.3,20,24,83.3,11,34,45,25,7,5,11,16
224,DET,43,94,45.7,11,34,32.4,18,27,66.7,12,30,42,25,7,7,12,24
225,CHA,40,98,40.8,17,40,42.5,14,15,93.3,11,32,43,24,5,14,7,15
226,LAC,42,87,48.3,10,30,33.3,12,16,75.0,7,32,39,22,3,4,10,20
227,LAL,45,80,56.3,13,30,43.3,19,19,100.0,5,30,35,28,8,8,21,10
228,PHI,43,83,51.8,11,30,36.7,23,29,79.3,12,30,42,25,7,4,10,24
229,WAS,43,88,48.9,7,27,25.9,14,18,77.8,7,36,43,27,8,6,15,17
230,SAS,51,94,54.3,13,33,39.4,13,17,76.5,13,37,50,31,10,0,19,20
231,MIN,48,98,49.0,9,30,30.0,18,29,62.1,12,35,47,29,10,6,14,21
232,MIA,42,82,51.2,14,29,48.3,21,23,91.3,11,35,46,22,7,4,16,20
233,DET,40,89,44.9,7,21,33.3,16,20,80.0,17,31,48,20,5,4,19,22
234,ORL,44,94,46.8,16,34,47.1,20,31,64.5,12,24,36,21,9,4,10,16
235,MEM,50,93,53.8,18,40,45.0,13,18,72.2,9,33,42,36,6,3,14,18
236,SAC,44,84,52.4,10,32,31.3,24,32,75.0,6,36,42,28,10,3,12,21
237,MIL,44,104,42.3,19,50,38.0,11,14,78.6,20,41,61,33,8,12,16,14
238,IND,48,100,48.0,18,45,40.0,20,21,95.2,8,34,42,34,12,15,12,21
239,LAC,39,71,54.9,6,20,30.0,24,31,77.4,9,35,44,23,9,4,17,18
240,NOP,42,83,50.6,13,27,48.1,16,18,88.9,9,40,49,32,4,6,15,19
241,DEN,37,88,42.0,15,40,37.5,7,15,46.7,11,33,44,26,5,2,11,16
242,PHX,49,94,52.1,20,43,46.5,14,16,87.5,14,40,54,31,10,7,15,17
243,MIA,35,70,50.0,8,29,27.6,22,29,75.9,10,27,37,22,7,4,24,19
244,BOS,42,88,47.7,18,49,36.7,13,20,65.0,5,40,45,26,9,2,11,20
245,WAS,47,83,56.6,12,29,41.4,14,17,82.4,6,33,39,34,9,1,19,16
246,ORL,50,100,50.0,9,30,30.0,14,19,73.7,10,28,38,24,7,0,13,22
247,OKC,50,94,53.2,17,37,45.9,20,24,83.3,13,31,44,28,10,2,18,17
248,MIN,34,86,39.5,11,36,30.6,15,21,71.4,6,28,34,19,9,7,11,16
249,HOU,36,83,43.4,7,26,26.9,17,24,70.8,15,33,48,14,6,1,19,22
250,DET,43,84,51.2,13,30,43.3,18,22,81.8,10,20,30,29,6,3,12,16
251,DAL,42,89,47.2,19,45,42.2,17,22,77.3,3,40,43,24,10,6,17,20
252,NYK,38,89,42.7,11,40,27.5,18,24,75.0,10,29,39,18,3,4,8,18
253,LAL,41,90,45.6,7,28,25.0,23,29,79.3,7,50,57,27,4,2,15,18
254,IND,53,90,58.9,15,37,40.5,22,31,71.0,5,25,30,28,8,4,9,24
255,SAC,47,83,56.6,16,38,42.1,13,20,65.0,6,27,33,39,7,3,11,12
256,CLE,43,96,44.8,12,34,35.3,20,25,80.0,16,42,58,27,4,7,15,20
257,DET,40,86,46.5,10,32,31.3,14,20,70.0,16,36,52,30,9,6,16,21
258,DEN,43,86,50.0,13,33,39.4,19,23,82.6,12,29,41,30,9,2,14,12
259,MIA,41,77,53.2,16,29,55.2,32,37,86.5,8,24,32,27,6,4,11,17
260,LAL,42,95,44.2,11,33,33.3,18,22,81.8,10,36,46,29,3,3,9,17
261,BKN,36,92,39.1,12,43,27.9,18,22,81.8,8,44,52,21,5,9,8,12
262,DAL,38,77,49.4,15,38,39.5,35,38,92.1,5,26,31,15,5,0,10,22
263,CHI,45,74,60.8,10,22,45.5,22,25,88.0,4,29,33,18,6,3,15,20
264,HOU,52,85,61.2,13,24,54.2,25,29,86.2,6,38,44,29,10,3,12,20
265,LAC,45,85,52.9,12,29,41.4,33,35,94.3,13,40,53,25,6,2,17,17
266,BOS,43,109,39.4,21,59,35.6,22,25,88.0,17,37,54,27,8,5,16,28
267,OKC,44,87,50.6,14,37,37.8,27,33,81.8,11,31,42,24,9,4,12,20
268,WAS,46,108,42.6,8,31,25.8,11,12,91.7,20,36,56,21,8,2,9,19
269,ORL,42,84,50.0,11,31,35.5,24,31,77.4,6,32,38,29,11,2,11,25
270,SAC,49,89,55.1,14,27,51.9,22,30,73.3,11,28,39,25,5,1,6,21
271,MIA,42,83,50.6,13,35,37.1,20,23,87.0,12,31,43,31,5,3,20,19
272,WAS,38,75,50.7,14,24,58.3,19,22,86.4,9,34,43,26,9,5,24,16
273,CLE,45,91,49.5,14,34,41.2,10,18,55.6,8,31,39,29,14,8,12,18
274,SAS,38,86,44.2,15,37,40.5,19,20,95.0,13,29,42,24,9,3,15,20
275,MIL,44,83,53.0,17,34,50.0,25,28,89.3,11,32,43,30,3,3,13,23
276,SAC,46,87,52.9,10,33,30.3,26,26,100.0,9,36,45,26,3,2,11,22
277,OKC,52,104,50.0,17,43,39.5,9,14,64.3,11,29,40,31,12,5,7,22
278,LAL,36,87,41.4,10,31,32.3,20,24,83.3,11,30,41,23,8,2,15,19
279,MIA,39,81,48.1,12,25,48.0,30,32,93.8,11,28,39,23,7,2,12,17
280,CHA,38,78,48.7,9,24,37.5,21,25,84.0,8,26,34,25,11,4,21,20
281,CHI,39,83,47.0,7,23,30.4,19,25,76.0,9,25,34,24,7,1,9,15
282,BOS,41,84,48.8,9,29,31.0,14,20,70.0,9,39,48,26,8,8,19,19
283,GSW,40,78,51.3,10,31,32.3,18,20,90.0,9,34,43,28,7,4,18,22
284,DEN,40,87,46.0,8,31,25.8,25,31,80.6,13,40,53,28,6,5,10,21
285,ATL,52,91,57.1,12,26,46.2,13,16,81.3,10,33,43,30,10,5,17,19
286,GSW,39,93,41.9,14,46,30.4,23,27,85.2,15,45,60,25,9,6,12,20
287,WAS,43,84,51.2,14,30,46.7,19,24,79.2,9,34,43,30,5,4,15,12
288,DAL,45,82,54.9,25,48,52.1,18,27,66.7,5,26,31,26,8,1,13,22
289,SAS,45,98,45.9,10,32,31.3,10,13,76.9,13,37,50,31,5,6,17,14
290,CHA,32,88,36.4,9,33,27.3,18,28,64.3,12,36,48,20,3,7,14,17
291,BOS,39,78,50.0,16,32,50.0,23,28,82.1,7,36,43,27,5,4,13,18
292,POR,36,81,44.4,11,38,28.9,27,29,93.1,12,29,41,18,5,8,14,18
293,MIL,49,94,52.1,26,56,46.4,15,19,78.9,8,38,46,29,4,1,8,23
294,OKC,44,91,48.4,11,40,27.5,18,24,75.0,12,30,42,29,8,4,13,27
295,NYK,54,89,60.7,20,35,57.1,14,21,66.7,7,39,46,28,5,3,16,21
296,DET,39,78,50.0,14,35,40.0,23,28,82.1,7,33,40,23,8,2,17,23
297,MIA,34,78,43.6,7,29,24.1,21,23,91.3,5,28,33,18,3,2,13,17
298,HOU,36,90,40.0,11,34,32.4,16,25,64.0,17,32,49,17,4,5,13,18
299,OKC,43,98,43.9,11,35,31.4,20,24,83.3,12,30,42,28,9,1,10,23
300,LAC,35,83,42.2,11,28,39.3,20,23,87.0,9,35,44,24,11,3,25,17
301,DAL,46,91,50.5,12,37,32.4,18,28,64.3,9,29,38,28,5,3,7,29
302,BKN,36,83,43.4,12,36,33.3,20,25,80.0,3,35,38,25,12,6,18,19
303,UTA,30,85,35.3,10,34,29.4,24,36,66.7,14,38,52,15,8,9,20,15
304,HOU,48,97,49.5,9,31,29.0,7,10,70.0,10,30,40,33,5,6,13,16
305,GSW,49,91,53.8,12,30,40.0,13,16,81.3,12,34,46,34,5,2,18,19
306,TOR,38,94,40.4,15,42,35.7,13,19,68.4,19,28,47,26,11,6,12,17
307,MEM,51,112,45.5,6,31,19.4,13,17,76.5,14,33,47,25,13,6,7,17
308,ATL,43,93,46.2,13,35,37.1,17,19,89.5,13,29,42,21,4,7,9,17
309,PHI,32,73,43.8,10,27,37.0,25,28,89.3,9,30,39,20,7,3,20,24
310,NYK,37,78,47.4,12,31,38.7,23,34,67.6,7,37,44,20,6,3,15,11
311,NOP,34,76,44.7,6,27,22.2,19,23,82.6,9,29,38,23,9,2,17,26
312,CHA,43,83,51.8,13,26,50.0,18,22,81.8,7,39,46,24,8,3,17,22
313,ATL,45,90,50.0,16,30,53.3,23,28,82.1,13,33,46,20,7,2,16,18
314,DAL,39,93,41.9,20,49,40.8,10,14,71.4,11,37,48,21,5,5,17,24
315,DEN,49,96,51.0,13,39,33.3,23,31,74.2,11,39,50,35,10,3,16,23
316,MIL,38,87,43.7,13,45,28.9,15,21,71.4,11,34,45,15,4,7,12,20
317,CHI,40,79,50.6,8,30,26.7,14,17,82.4,8,31,39,21,7,3,11,19
318,GSW,39,91,42.9,15,42,35.7,16,22,72.7,16,40,56,23,11,5,18,19
319,POR,42,77,54.5,20,39,51.3,27,35,77.1,6,31,37,20,7,7,14,21
320,CLE,44,84,52.4,18,36,50.0,12,14,85.7,8,37,45,31,7,5,14,17
321,OKC,41,86,47.7,16,40,40.0,17,23,73.9,9,28,37,24,10,0,14,19
322,DET,38,94,40.4,6,24,25.0,9,14,64.3,17,45,62,26,4,5,16,27
323,UTA,43,92,46.7,10,28,35.7,22,28,78.6,15,41,56,29,5,11,16,16
324,MEM,45,95,47.4,15,44,34.1,7,8,87.5,11,39,50,25,10,3,12,13
325,PHI,35,78,44.9,9,27,33.3,28,35,80.0,8,34,42,19,8,3,10,13
326,NYK,45,88,51.1,19,48,39.6,19,23,82.6,11,43,54,24,1,7,19,22
327,ORL,35,90,38.9,6,29,20.7,32,38,84.2,15,40,55,16,4,8,14,19
328,CHA,38,88,43.2,10,31,32.3,22,27,81.5,11,37,48,20,10,2,15,22
329,ATL,50,85,58.8,15,28,53.6,21,23,91.3,5,37,42,28,7,8,14,21
330,MIL,47,98,48.0,19,46,41.3,15,19,78.9,10,47,57,27,6,1,12,18
331,PHX,42,90,46.7,14,38,36.8,26,32,81.3,15,39,54,23,5,5,11,22
332,MIN,46,93,49.5,11,33,33.3,10,16,62.5,7,38,45,25,6,11,16,20
333,GSW,37,78,47.4,26,54,48.1,16,18,88.9,7,40,47,27,3,3,19,20
334,LAC,59,98,60.2,26,45,57.8,31,36,86.1,7,35,42,39,8,3,25,27
335,CHI,50,88,56.8,12,26,46.2,19,28,67.9,12,45,57,25,6,4,11,15
336,WAS,39,79,49.4,19,44,43.2,12,12,100.0,3,31,34,25,6,6,19,20
337,ORL,39,95,41.1,12,31,38.7,18,23,78.3,12,34,46,27,7,6,14,19
338,CLE,43,90,47.8,6,26,23.1,17,20,85.0,13,28,41,24,10,2,11,21
339,UTA,42,100,42.0,13,48,27.1,23,27,85.2,17,41,58,26,8,10,22,29
340,SAC,47,85,55.3,14,34,41.2,25,31,80.6,12,37,49,27,9,4,18,16
341,LAL,42,86,48.8,16,30,53.3,24,34,70.6,10,48,58,30,8,3,16,20
342,IND,49,94,52.1,22,49,44.9,18,22,81.8,10,27,37,33,10,5,15,23
343,DAL,46,82,56.1,22,42,52.4,28,36,77.8,3,33,36,27,10,5,7,18
344,PHI,34,84,40.5,13,36,36.1,29,36,80.6,7,36,43,25,3,10,12,26
345,TOR,43,92,46.7,9,31,29.0,20,25,80.0,11,37,48,17,10,5,12,20
346,CHI,37,97,38.1,10,32,31.3,16,21,76.2,15,36,51,19,4,2,6,17
347,MIN,39,95,41.1,8,29,27.6,20,22,90.9,16,37,53,21,8,5,18,16
348,PHX,42,89,47.2,11,31,35.5,12,16,75.0,7,31,38,30,10,2,14,24
349,MEM,43,107,40.2,14,40,35.0,17,25,68.0,17,29,46,24,13,9,4,21
350,IND,39,82,47.6,18,43,41.9,21,22,95.5,6,35,41,27,6,5,19,19
351,BOS,49,92,53.3,21,45,46.7,8,10,80.0,8,35,43,30,10,5,11,18
352,DEN,48,84,57.1,11,31,35.5,11,15,73.3,6,37,43,34,7,5,13,14
353,PHI,39,78,50.0,13,27,48.1,27,29,93.1,8,30,38,24,7,4,12,22
354,OKC,42,87,48.3,9,34,26.5,40,47,85.1,10,39,49,21,8,4,11,21
355,CHA,43,96,44.8,14,35,40.0,20,29,69.0,15,43,58,26,8,12,16,17
356,LAL,44,83,53.0,10,37,27.0,22,36,61.1,6,37,43,32,5,8,11,23
357,BKN,41,77,53.2,17,39,43.6,17,20,85.0,5,31,36,26,3,5,11,27
358,ATL,40,97,41.2,5,26,19.2,16,21,76.2,8,32,40,25,6,7,5,18
359,LAC,49,92,53.3,17,36,47.2,19,22,86.4,12,24,36,33,5,4,8,22
360,POR,36,86,41.9,12,42,28.6,17,24,70.8,12,25,37,20,9,5,12,19
361,PHX,50,88,56.8,7,22,31.8,13,16,81.3,8,29,37,33,12,4,15,17
362,TOR,50,83,60.2,8,24,33.3,15,20,75.0,13,27,40,31,9,11,20,16
363,MIL,43,90,47.8,18,42,42.9,27,35,77.1,10,42,52,29,6,3,19,23
364,NYK,45,82,54.9,15,34,44.1,19,26,73.1,6,32,38,18,4,3,8,24
365,POR,46,97,47.4,23,47,48.9,12,13,92.3,8,34,42,27,7,9,7,15
366,IND,46,91,50.5,11,34,32.4,14,20,70.0,8,24,32,30,11,7,11,21
367,PHI,46,82,56.1,15,34,44.1,16,17,94.1,7,31,38,26,11,7,16,24
368,GSW,52,89,58.4,20,40,50.0,11,15,73.3,11,23,34,40,10,0,16,19
369,MIA,39,89,43.8,12,35,34.3,18,20,90.0,9,25,34,25,9,4,9,14
370,CHI,35,86,40.7,3,21,14.3,18,19,94.7,10,34,44,17,8,3,16,21
371,CHA,53,84,63.1,20,37,54.1,18,23,78.3,3,32,35,36,5,5,17,19
372,OKC,38,90,42.2,9,33,27.3,15,18,83.3,14,29,43,20,8,3,17,17
373,CLE,44,78,56.4,9,28,32.1,20,25,80.0,11,25,36,21,8,6,14,16
374,DAL,43,84,51.2,13,39,33.3,22,29,75.9,9,24,33,21,5,1,11,21
375,BOS,39,88,44.3,21,51,41.2,20,26,76.9,15,40,55,28,5,3,11,14
376,TOR,42,87,48.3,11,30,36.7,24,36,66.7,13,27,40,21,5,8,8,26
377,CHA,40,85,47.1,8,32,25.0,17,29,58.6,5,32,37,25,11,8,14,18
378,BKN,37,92,40.2,13,40,32.5,11,13,84.6,12,30,42,23,7,6,9,20
379,NYK,43,95,45.3,12,36,33.3,28,38,73.7,20,32,52,18,6,4,6,24
380,GSW,40,96,41.7,12,44,27.3,11,12,91.7,7,36,43,31,11,6,16,21
381,ATL,50,103,48.5,10,26,38.5,15,19,78.9,14,34,48,29,9,6,10,10
382,ORL,37,87,42.5,11,29,37.9,18,23,78.3,12,32,44,22,12,5,18,24
383,CLE,36,86,41.9,9,35,25.7,16,19,84.2,10,29,39,26,9,4,13,15
384,WAS,48,75,64.0,12,26,46.2,19,22,86.4,8,32,40,32,5,7,18,16
385,SAC,51,100,51.0,8,32,25.0,23,25,92.0,11,39,50,22,9,0,7,17
386,LAC,42,85,49.4,11,33,33.3,11,14,78.6,3,32,35,17,5,7,10,12
387,NOP,39,82,47.6,9,24,37.5,20,25,80.0,11,23,34,25,8,3,14,18
388,IND,36,85,42.4,11,39,28.2,21,28,75.0,11,27,38,23,9,3,15,16
389,MIA,32,77,41.6,12,38,31.6,21,22,95.5,6,34,40,21,11,6,17,23
390,POR,42,76,55.3,16,40,40.0,29,31,93.5,9,23,32,29,3,5,20,27
391,MEM,49,84,58.3,10,25,40.0,20,27,74.1,9,35,44,27,12,6,19,19
392,SAC,39,72,54.2,9,27,33.3,27,32,84.4,5,33,38,21,2,4,14,19
393,PHI,44,84,52.4,14,38,36.8,17,22,77.3,6,34,40,27,8,2,8,15
394,DET,46,107,43.0,7,37,18.9,39,49,79.6,21,41,62,29,6,5,16,29
395,BOS,44,89,49.4,25,55,45.5,14,17,82.4,5,38,43,34,7,7,15,22
396,TOR,41,91,45.1,12,34,35.3,22,30,73.3,9,31,40,28,11,3,13,30
397,ATL,43,95,45.3,10,29,34.5,20,27,74.1,20,39,59,23,6,4,19,22
398,ORL,47,97,48.5,9,27,33.3,12,19,63.2,15,32,47,24,12,6,10,16
399,BKN,39,91,42.9,17,44,38.6,21,25,84.0,11,38,49,26,8,1,11,20
400,LAL,42,89,47.2,7,18,38.9,15,21,71.4,11,32,43,23,2,2,12,19
401,CLE,43,87,49.4,6,26,23.1,21,25,84.0,13,37,50,30,8,4,13,16
402,WAS,44,87,50.6,15,37,40.5,15,17,88.2,11,41,52,29,4,12,17,17
403,POR,43,78,55.1,8,27,29.6,31,32,96.9,12,35,47,25,6,3,21,16
404,LAC,38,86,44.2,12,33,36.4,16,21,76.2,9,31,40,21,10,4,11,18
405,UTA,44,105,41.9,12,34,35.3,18,21,85.7,21,29,50,27,2,5,8,12
406,HOU,47,86,54.7,10,22,45.5,24,28,85.7,15,29,44,25,4,7,19,21
407,MIA,37,79,46.8,6,19,31.6,36,39,92.3,15,33,48,21,7,3,13,22
408,TOR,43,88,48.9,10,28,35.7,16,21,76.2,9,42,51,21,11,7,17,19
409,BOS,40,76,52.6,19,35,54.3,7,10,70.0,5,39,44,25,2,5,15,19
410,MEM,39,81,48.1,11,33,33.3,15,21,71.4,5,34,39,22,10,7,14,21
411,ORL,37,79,46.8,6,25,24.0,18,24,75.0,9,32,41,23,4,4,11,19
412,BKN,38,79,48.1,9,28,32.1,27,31,87.1,5,31,36,25,11,2,17,21
413,DEN,58,93,62.4,13,27,48.1,17,22,77.3,6,38,44,44,12,5,11,21
414,NOP,45,91,49.5,12,32,37.5,14,21,66.7,13,34,47,28,8,2,10,19
415,LAL,49,85,57.6,14,31,45.2,18,26,69.2,6,35,41,27,8,3,21,19
416,POR,37,91,40.7,9,36,25.0,25,29,86.2,1,27,28,23,5,2,9,20
417,BKN,41,84,48.8,16,31,51.6,18,22,81.8,8,34,42,21,4,5,16,26
418,HOU,44,88,50.0,13,32,40.6,19,24,79.2,11,28,39,27,5,4,14,15
419,DET,37,87,42.5,9,33,27.3,16,21,76.2,9,33,42,22,9,6,9,20
420,WAS,35,82,42.7,6,28,21.4,15,19,78.9,7,30,37,20,8,5,14,18
421,GSW,56,97,57.7,26,50,52.0,3,7,42.9,11,34,45,43,6,3,16,17
422,UTA,41,87,47.1,6,31,19.4,23,26,88.5,10,27,37,21,4,4,13,23
423,CHI,50,89,56.2,6,22,27.3,22,25,88.0,7,42,49,27,10,6,14,12
424,NYK,34,79,43.0,12,36,33.3,28,39,71.8,14,35,49,21,5,1,12,28
425,NOP,48,85,56.5,14,26,53.8,26,34,76.5,12,36,48,26,11,3,11,23
426,IND,40,92,43.5,8,32,25.0,15,22,68.2,12,30,42,28,3,6,13,20
427,CHA,45,83,54.2,12,33,36.4,11,23,47.8,8,31,39,28,8,6,15,23
428,MIN,48,87,55.2,10,27,37.0,22,30,73.3,5,29,34,33,7,3,11,23
429,MEM,38,78,48.7,10,27,37.0,17,23,73.9,8,36,44,25,10,9,20,16
430,NYK,45,94,47.9,18,40,45.0,20,26,76.9,10,36,46,30,6,3,10,30
431,OKC,56,97,57.7,21,46,45.7,20,23,87.0,9,33,42,39,11,6,9,19
432,BKN,43,86,50.0,14,33,42.4,25,28,89.3,10,29,39,21,4,10,15,28
433,NOP,52,100,52.0,9,30,30.0,18,20,90.0,14,34,48,28,6,0,11,22
434,GSW,45,82,54.9,14,35,40.0,15,19,78.9,5,33,38,33,6,5,14,24
435,CHI,48,80,60.0,12,26,46.2,21,25,84.0,6,35,41,32,6,3,12,19
436,DEN,48,95,50.5,15,38,39.5,17,20,85.0,12,36,48,32,14,6,13,15
437,DET,35,81,43.2,16,42,38.1,14,22,63.6,9,21,30,23,8,2,16,27
438,MIL,46,88,52.3,14,40,35.0,17,28,60.7,10,41,51,23,6,4,12,14
439,UTA,41,91,45.1,13,44,29.5,13,18,72.2,13,37,50,20,4,2,15,22
440,HOU,40,80,50.0,7,21,33.3,24,33,72.7,6,34,40,22,5,4,13,26
441,IND,40,89,44.9,17,41,41.5,10,14,71.4,9,38,47,28,13,5,18,18
442,BOS,29,75,38.7,10,38,26.3,26,31,83.9,3,40,43,18,5,3,15,21
443,DET,44,86,51.2,14,32,43.8,16,23,69.6,12,39,51,27,7,3,23,22
444,MIN,40,87,46.0,16,44,36.4,24,28,85.7,12,29,41,21,7,7,20,27
445,SAS,52,89,58.4,7,21,33.3,14,15,93.3,9,26,35,32,8,0,18,25
446,WAS,42,84,50.0,12,33,36.4,20,22,90.9,9,32,41,27,4,3,11,19
447,NYK,40,83,48.2,12,36,33.3,14,18,77.8,11,33,44,25,8,0,18,17
448,MIL,39,90,43.3,9,37,24.3,19,27,70.4,8,45,53,16,2,0,10,17
449,DEN,51,90,56.7,16,35,45.7,16,21,76.2,7,31,38,35,10,2,13,19
450,IND,45,93,48.4,16,41,39.0,5,6,83.3,6,40,46,30,8,6,16,21
451,CLE,49,91,53.8,14,29,48.3,16,22,72.7,9,32,41,33,12,7,16,17
452,CHI,41,79,51.9,11,28,39.3,21,26,80.8,8,32,40,24,9,3,14,18
453,DAL,37,85,43.5,14,41,34.1,23,29,79.3,6,30,36,16,10,3,8,24
454,UTA,44,83,53.0,17,47,36.2,26,30,86.7,13,36,49,29,3,11,16,17
455,SAS,48,88,54.5,8,24,33.3,5,7,71.4,8,32,40,30,5,1,18,17
456,HOU,41,94,43.6,7,23,30.4,23,31,74.2,24,41,65,20,6,12,18,20
457,MEM,41,87,47.1,9,37,24.3,21,28,75.0,12,32,44,28,8,7,13,22
458,PHX,35,86,40.7,4,28,14.3,26,31,83.9,12,32,44,22,8,4,16,13
459,BOS,53,92,57.6,26,54,48.1,7,10,70.0,11,46,57,28,4,4,12,13
460,PHI,34,78,43.6,14,35,40.0,23,26,88.5,7,36,43,27,7,4,19,24
461,MIN,46,106,43.4,14,50,28.0,13,24,54.2,10,43,53,26,5,7,11,23
462,MIL,43,105,41.0,15,44,34.1,23,27,85.2,16,50,66,18,7,8,12,21
463,NYK,44,98,44.9,7,34,20.6,28,32,87.5,13,32,45,27,6,3,9,24
464,CLE,40,83,48.2,11,40,27.5,6,12,50.0,5,34,39,32,9,6,13,20
465,DEN,43,87,49.4,16,36,44.4,20,24,83.3,10,34,44,33,7,3,18,21
466,CHI,38,77,49.4,12,24,50.0,15,21,71.4,6,45,51,26,6,6,20,19
467,PHX,43,87,49.4,11,28,39.3,17,21,81.0,13,29,42,28,10,4,12,16
468,SAS,42,97,43.3,7,29,24.1,15,23,65.2,14,29,43,26,6,6,10,20
469,PHI,40,85,47.1,11,30,36.7,18,23,78.3,8,37,45,28,8,3,19,25
470,OKC,46,93,49.5,11,24,45.8,17,20,85.0,8,35,43,23,10,4,17,18
471,DAL,39,79,49.4,10,34,29.4,23,33,69.7,9,31,40,17,6,1,11,18
472,MIN,43,92,46.7,12,39,30.8,13,25,52.0,8,41,49,26,7,3,18,16
473,BKN,45,95,47.4,16,41,39.0,15,19,78.9,12,38,50,24,8,9,11,25
474,POR,43,79,54.4,19,40,47.5,24,27,88.9,3,29,32,24,2,7,8,21
475,MEM,43,89,48.3,9,37,24.3,17,22,77.3,15,26,41,29,10,8,9,21
476,CLE,44,78,56.4,20,33,60.6,14,19,73.7,4,31,35,35,9,7,13,23
477,CHA,45,83,54.2,15,40,37.5,17,22,77.3,11,36,47,25,6,3,19,18
478,MIL,53,96,55.2,17,43,39.5,12,20,60.0,12,45,57,27,7,4,12,18
479,MIN,42,80,52.5,17,37,45.9,16,21,76.2,9,35,44,25,5,2,20,26
480,DET,38,83,45.8,14,38,36.8,24,31,77.4,8,27,35,23,10,5,16,25
481,UTA,39,82,47.6,13,36,36.1,17,24,70.8,13,36,49,26,9,6,17,23
482,POR,40,76,52.6,7,24,29.2,18,23,78.3,3,24,27,18,3,6,12,16
483,SAS,48,109,44.0,10,29,34.5,12,17,70.6,17,36,53,32,6,4,13,20
484,BKN,46,87,52.9,22,40,55.0,8,14,57.1,9,26,35,31,5,3,9,17
485,PHI,46,89,51.7,18,35,51.4,16,24,66.7,12,27,39,31,10,2,11,15
486,ATL,45,95,47.4,7,27,25.9,16,20,80.0,15,32,47,24,12,2,9,18
487,BOS,39,84,46.4,13,40,32.5,34,39,87.2,7,39,46,18,8,9,12,22
488,ORL,41,83,49.4,10,28,35.7,17,24,70.8,6,30,36,29,5,0,13,18
489,NOP,39,92,42.4,8,29,27.6,17,19,89.5,8,34,42,21,9,8,10,26
490,IND,49,89,55.1,13,33,39.4,20,28,71.4,5,33,38,22,10,4,13,24
491,MIA,39,85,45.9,10,33,30.3,22,26,84.6,5,32,37,28,9,3,11,19
492,GSW,50,90,55.6,18,43,41.9,11,15,73.3,5,38,43,40,5,1,14,18
493,OKC,40,76,52.6,10,18,55.6,22,25,88.0,10,36,46,19,5,2,15,17
494,MIN,44,86,51.2,13,35,37.1,10,15,66.7,9,36,45,31,12,6,20,19
495,BKN,43,94,45.7,13,38,34.2,23,27,85.2,15,25,40,24,5,6,16,23
496,CHA,39,84,46.4,7,32,21.9,26,31,83.9,6,46,52,24,8,5,16,19
497,LAC,52,89,58.4,18,38,47.4,16,21,76.2,6,31,37,26,9,9,5,21
498,HOU,39,76,51.3,5,21,23.8,12,20,60.0,10,36,46,24,5,6,22,20
499,BOS,41,100,41.0,16,46,34.8,19,23,82.6,15,39,54,22,4,4,13,19
500,PHX,35,86,40.7,13,32,40.6,12,16,75.0,13,37,50,24,4,6,9,21
501,ORL,46,82,56.1,15,28,53.6,19,25,76.0,9,25,34,34,8,7,18,22
502,SAC,35,73,47.9,13,32,40.6,12,13,92.3,4,30,34,29,6,2,19,12
503,NOP,37,85,43.5,12,38,31.6,16,21,76.2,8,34,42,25,4,7,15,21
504,OKC,53,102,52.0,15,34,44.1,11,16,68.8,12,25,37,31,12,2,12,23
505,PHI,42,82,51.2,18,38,47.4,35,36,97.2,11,25,36,26,10,4,11,19
506,LAL,40,90,44.4,10,33,30.3,23,30,76.7,11,45,56,25,12,9,20,13
507,HOU,42,97,43.3,5,28,17.9,14,20,70.0,17,40,57,29,5,10,14,15
508,GSW,43,85,50.6,14,32,43.8,22,28,78.6,14,30,44,33,7,5,22,27
509,POR,51,89,57.3,17,36,47.2,15,18,83.3,6,35,41,26,9,4,10,15
510,MIL,37,78,47.4,13,30,43.3,20,28,71.4,7,42,49,16,11,7,23,15
511,MIA,34,94,36.2,12,33,36.4,18,23,78.3,14,37,51,21,7,2,8,18
512,IND,42,99,42.4,10,37,27.0,22,28,78.6,14,31,45,24,9,10,8,21
513,LAL,42,95,44.2,16,40,40.0,15,24,62.5,9,23,32,21,8,4,7,13
514,PHX,47,94,50.0,22,39,56.4,12,13,92.3,15,40,55,38,3,10,18,21
515,NOP,38,85,44.7,5,26,19.2,17,20,85.0,14,29,43,18,5,3,16,14
516,NYK,37,75,49.3,17,33,51.5,14,21,66.7,9,33,42,25,4,3,17,18
517,DAL,47,89,52.8,10,30,33.3,22,26,84.6,8,30,38,24,6,2,9,25
518,POR,55,92,59.8,20,33,60.6,17,22,77.3,8,28,36,34,11,4,10,16
519,SAC,49,88,55.7,22,40,55.0,13,14,92.9,10,43,53,37,10,5,25,11
520,CHI,44,95,46.3,11,34,32.4,12,18,66.7,15,32,47,28,13,3,11,20
521,UTA,41,86,47.7,16,40,40.0,22,26,84.6,9,37,46,25,8,4,16,26
522,HOU,44,88,50.0,11,30,36.7,20,30,66.7,12,35,47,24,11,5,23,15
523,ORL,43,84,51.2,11,27,40.7,16,24,66.7,8,32,40,22,10,3,11,12
524,DET,43,87,49.4,13,32,40.6,31,40,77.5,11,30,41,26,10,3,20,21
525,GSW,41,90,45.6,13,32,40.6,21,27,77.8,10,32,42,28,10,2,12,24
526,PHX,39,88,44.3,13,35,37.1,21,25,84.0,6,34,40,25,10,5,17,26
527,DAL,35,80,43.8,13,35,37.1,15,26,57.7,12,26,38,15,3,3,10,21
528,DEN,36,82,43.9,10,28,35.7,17,33,51.5,10,32,42,22,7,5,9,16
529,POR,37,86,43.0,17,46,37.0,21,25,84.0,11,27,38,24,5,7,12,24
530,TOR,41,90,45.6,15,34,44.1,28,35,80.0,17,28,45,21,12,4,8,20
531,MIA,35,80,43.8,8,34,23.5,22,27,81.5,12,30,42,17,16,1,22,14
532,ATL,45,83,54.2,11,25,44.0,17,20,85.0,6,34,40,24,5,4,18,20
533,PHX,38,91,41.8,12,31,38.7,24,35,68.6,14,41,55,27,9,8,15,20
534,CLE,48,86,55.8,7,22,31.8,11,17,64.7,9,32,41,33,9,3,9,13
535,MIN,38,83,45.8,17,41,41.5,20,24,83.3,3,27,30,20,12,9,12,26
536,SAC,46,84,54.8,13,33,39.4,22,29,75.9,4,25,29,28,6,5,9,20
537,WAS,51,95,53.7,18,34,52.9,18,25,72.0,9,37,46,34,6,5,8,18
538,TOR,46,86,53.5,7,19,36.8,5,7,71.4,6,35,41,24,7,9,14,13
539,UTA,37,88,42.0,16,39,41.0,16,23,69.6,13,33,46,24,6,1,11,18
540,ATL,56,100,56.0,13,34,38.2,14,16,87.5,14,25,39,27,6,4,7,16
541,CLE,42,84,50.0,14,33,42.4,16,19,84.2,10,25,35,24,7,8,15,15
542,DAL,37,80,46.3,18,38,47.4,23,28,82.1,10,27,37,21,7,1,10,22
543,ORL,39,75,52.0,15,30,50.0,30,34,88.2,5,37,42,28,2,5,15,18
544,SAC,41,87,47.1,12,38,31.6,24,28,85.7,13,40,53,25,1,2,15,17
545,LAL,38,93,40.9,13,41,31.7,33,41,80.5,10,37,47,24,7,7,10,26
546,SAS,51,89,57.3,14,26,53.8,10,14,71.4,12,22,34,34,3,1,7,15
547,DEN,51,83,61.4,14,28,50.0,18,26,69.2,12,26,38,38,16,4,18,28
548,POR,32,85,37.6,9,37,24.3,22,29,75.9,13,31,44,19,4,3,16,15
549,PHX,39,85,45.9,11,28,39.3,28,41,68.3,12,37,49,30,4,3,16,23
550,MIN,45,89,50.6,17,40,42.5,21,23,91.3,8,29,37,31,12,5,15,20
551,BOS,43,108,39.8,13,41,31.7,22,30,73.3,18,45,63,21,10,5,17,19
552,DET,39,97,40.2,8,34,23.5,22,27,81.5,17,32,49,25,7,3,17,15
553,NOP,37,80,46.3,13,30,43.3,11,18,61.1,9,29,38,27,5,3,18,17
554,NYK,40,96,41.7,7,26,26.9,18,27,66.7,20,29,49,14,9,4,9,20
555,LAL,43,89,48.3,11,34,32.4,14,18,77.8,6,30,36,26,9,3,7,20
556,OKC,47,93,50.5,16,38,42.1,16,21,76.2,13,29,42,41,12,7,19,25
557,DAL,44,84,52.4,16,42,38.1,18,24,75.0,10,21,31,26,5,3,16,19
558,DEN,45,85,52.9,8,21,38.1,24,32,75.0,8,26,34,27,10,2,16,19
559,MEM,44,97,45.4,11,34,32.4,16,22,72.7,15,27,42,22,10,7,8,19
560,HOU,46,91,50.5,10,32,31.3,15,20,75.0,12,35,47,21,4,5,20,22
561,UTA,45,87,51.7,19,32,59.4,17,22,77.3,9,35,44,26,4,7,8,19
562,DEN,44,88,50.0,11,32,34.4,23,28,82.1,11,31,42,32,8,6,12,15
563,MIL,46,86,53.5,19,39,48.7,19,21,90.5,6,36,42,24,5,5,12,19
564,LAC,41,82,50.0,12,34,35.3,16,20,80.0,8,25,33,20,4,5,19,23
565,SAS,37,97,38.1,7,34,20.6,25,28,89.3,13,41,54,23,12,4,16,22
566,CLE,39,80,48.8,9,28,32.1,26,33,78.8,13,30,43,22,5,4,15,19
567,LAL,49,91,53.8,12,33,36.4,30,35,85.7,9,30,39,23,4,5,2,19
568,WAS,42,86,48.8,14,35,40.0,20,23,87.0,6,30,36,31,7,2,14,21
569,MIL,48,91,52.7,23,46,50.0,13,15,86.7,9,32,41,32,9,1,14,14
570,NYK,42,99,42.4,9,31,29.0,28,35,80.0,20,34,54,17,3,5,12,28
571,MIN,46,101,45.5,18,41,43.9,15,18,83.3,16,25,41,28,9,6,6,20
572,MEM,52,98,53.1,16,37,43.2,16,20,80.0,13,38,51,29,8,6,11,19
573,ATL,45,76,59.2,13,27,48.1,18,22,81.8,2,26,28,27,9,5,16,17
574,CHA,41,90,45.6,13,31,41.9,23,30,76.7,13,25,38,26,7,2,5,18
575,DET,37,83,44.6,18,44,40.9,12,15,80.0,9,29,38,23,4,4,12,22
576,LAL,48,87,55.2,6,20,30.0,10,13,76.9,4,34,38,28,4,6,11,19
577,BKN,39,91,42.9,12,41,29.3,12,19,63.2,14,37,51,24,4,7,16,21
578,DEN,48,89,53.9,13,39,33.3,10,19,52.6,12,29,41,32,10,5,16,22
579,POR,43,85,50.6,17,44,38.6,37,42,88.1,8,33,41,28,3,6,8,29
580,LAC,46,88,52.3,14,32,43.8,15,21,71.4,11,33,44,21,13,6,17,16
581,CHI,48,95,50.5,15,39,38.5,21,24,87.5,7,31,38,29,12,1,10,18
582,SAS,48,93,51.6,10,26,38.5,13,20,65.0,11,29,40,27,1,3,10,21
583,CHA,41,88,46.6,8,27,29.6,16,19,84.2,10,36,46,21,3,2,11,11
584,MIN,45,80,56.3,9,28,32.1,11,15,73.3,4,27,31,22,10,5,15,21
585,POR,49,88,55.7,17,41,41.5,21,22,95.5,10,37,47,34,7,4,12,20
586,MIA,45,87,51.7,11,22,50.0,10,12,83.3,13,38,51,17,9,3,11,14
587,IND,38,103,36.9,11,47,23.4,25,28,89.3,16,33,49,26,5,8,20,20
588,TOR,36,87,41.4,7,29,24.1,24,30,80.0,11,32,43,19,9,3,14,19
589,UTA,43,90,47.8,12,40,30.0,19,23,82.6,10,38,48,20,5,6,12,24
590,SAC,47,86,54.7,20,40,50.0,25,29,86.2,14,32,46,34,10,8,14,19
591,LAC,41,87,47.1,10,29,34.5,11,14,78.6,11,32,43,20,6,3,12,18
592,WAS,36,93,38.7,13,42,31.0,23,26,88.5,12,38,50,18,3,4,8,23
593,IND,40,101,39.6,7,30,23.3,24,29,82.8,19,32,51,24,8,9,12,22
594,SAS,40,88,45.5,8,22,36.4,25,34,73.5,7,31,38,26,6,3,15,19
595,CHI,38,85,44.7,12,38,31.6,22,24,91.7,10,32,42,30,7,5,16,17
596,MIN,47,90,52.2,10,28,35.7,17,20,85.0,4,33,37,24,13,3,15,22
597,UTA,36,83,43.4,11,35,31.4,29,40,72.5,17,42,59,15,9,11,24,18
598,DET,43,90,47.8,7,30,23.3,17,24,70.8,7,35,42,20,7,3,13,23
599,POR,40,78,51.3,11,33,33.3,22,29,75.9,5,31,36,17,6,4,17,27
600,TOR,43,83,51.8,10,28,35.7,28,36,77.8,8,24,32,30,15,4,9,23
601,PHI,39,88,44.3,11,36,30.6,25,27,92.6,9,30,39,30,4,3,17,29
602,LAL,44,112,39.3,10,41,24.4,17,27,63.0,14,42,56,24,7,4,10,18
603,BKN,38,84,45.2,13,34,38.2,9,11,81.8,4,27,31,26,8,9,12,19
604,MIA,42,95,44.2,9,34,26.5,15,16,93.8,18,43,61,22,8,1,13,8
605,DET,48,80,60.0,17,32,53.1,22,28,78.6,7,31,38,30,10,7,17,20
606,ATL,39,87,44.8,11,30,36.7,16,18,88.9,6,35,41,25,5,3,11,12
607,BOS,44,91,48.4,15,44,34.1,22,25,88.0,11,39,50,24,7,5,9,16
608,SAC,45,94,47.9,19,48,39.6,26,31,83.9,9,36,45,28,4,4,9,19
609,MEM,52,101,51.5,14,22,63.6,17,25,68.0,17,40,57,19,6,8,14,17
610,WAS,38,82,46.3,7,23,30.4,17,21,81.0,12,40,52,21,5,3,18,18
611,NYK,38,84,45.2,15,42,35.7,28,33,84.8,12,38,50,21,9,4,15,16
612,DEN,48,85,56.5,15,34,44.1,15,21,71.4,7,31,38,30,9,4,11,20
613,POR,42,87,48.3,6,35,17.1,16,19,84.2,13,30,43,22,10,7,17,22
614,GSW,37,96,38.5,18,48,37.5,21,27,77.8,16,29,45,24,13,2,17,26
615,TOR,45,91,49.5,20,44,45.5,22,27,81.5,18,31,49,32,4,4,11,17
616,LAC,39,86,45.3,12,31,38.7,23,30,76.7,12,34,46,20,7,4,10,23
617,PHI,54,89,60.7,11,31,35.5,28,30,93.3,10,45,55,36,7,8,19,29
618,UTA,38,87,43.7,10,36,27.8,30,37,81.1,15,39,54,21,3,3,16,17
619,MIA,31,79,39.2,10,33,30.3,40,40,100.0,13,28,41,18,10,4,20,19
620,SAC,52,97,53.6,23,46,50.0,9,12,75.0,11,37,48,39,4,1,11,16
621,DEN,46,99,46.5,15,42,35.7,15,17,88.2,14,41,55,29,7,11,17,19
622,WAS,42,82,51.2,14,34,41.2,14,18,77.8,7,30,37,26,5,1,20,25
623,MEM,45,91,49.5,11,26,42.3,20,35,57.1,11,39,50,26,9,7,14,15
624,NYK,38,100,38.0,11,41,26.8,20,22,90.9,18,30,48,16,8,1,7,14
625,BOS,38,87,43.7,11,41,26.8,20,21,95.2,9,41,50,25,2,7,9,12
626,PHX,37,84,44.0,14,26,53.8,10,11,90.9,6,30,36,22,7,2,16,14
627,IND,38,87,43.7,13,38,34.2,27,33,81.8,8,33,41,27,14,7,16,22
628,HOU,38,89,42.7,11,36,30.6,9,15,60.0,12,29,41,26,8,7,20,19
629,DET,44,87,50.6,8,23,34.8,15,18,83.3,10,33,43,25,9,2,23,20
630,MEM,46,102,45.1,15,38,39.5,16,22,72.7,13,26,39,28,16,7,10,19
631,TOR,40,91,44.0,12,31,38.7,25,29,86.2,13,28,41,26,12,8,10,28
632,LAC,37,95,38.9,10,30,33.3,24,31,77.4,21,38,59,25,6,5,11,19
633,OKC,46,95,48.4,12,28,42.9,16,20,80.0,13,35,48,27,5,8,8,26
634,MIA,38,92,41.3,13,35,37.1,12,17,70.6,16,25,41,22,8,4,12,17
635,DAL,42,74,56.8,13,29,44.8,30,38,78.9,5,34,39,23,5,7,17,24
636,SAC,45,86,52.3,14,32,43.8,30,37,81.1,13,21,34,25,5,4,14,26
637,CHI,44,83,53.0,13,28,46.4,25,32,78.1,7,37,44,22,4,4,10,22
638,SAS,49,100,49.0,7,25,28.0,11,14,78.6,12,39,51,25,6,3,13,20
639,GSW,33,88,37.5,18,58,31.0,17,21,81.0,11,38,49,26,7,1,16,17
640,NOP,35,88,39.8,12,29,41.4,20,25,80.0,14,37,51,16,7,4,16,20
641,OKC,50,98,51.0,17,37,45.9,10,14,71.4,11,30,41,30,9,6,10,26
642,PHI,40,92,43.5,18,41,43.9,14,18,77.8,12,26,38,28,6,3,7,15
643,TOR,35,83,42.2,10,29,34.5,28,35,80.0,12,34,46,22,7,3,7,23
644,SAS,45,81,55.6,9,24,37.5,22,26,84.6,7,37,44,27,8,4,18,16
645,PHX,34,82,41.5,6,23,26.1,22,25,88.0,8,36,44,22,5,2,14,20
646,IND,38,84,45.2,7,25,28.0,25,28,89.3,4,37,41,22,11,6,14,22
647,MIL,37,84,44.0,20,48,41.7,15,24,62.5,12,33,45,22,5,4,17,18
648,DEN,43,81,53.1,17,35,48.6,18,23,78.3,13,36,49,28,5,4,14,23
649,LAL,51,93,54.8,16,35,45.7,12,16,75.0,7,44,51,33,6,5,18,18
650,MIN,46,81,56.8,13,35,37.1,23,29,79.3,10,35,45,28,4,7,20,22
651,DEN,45,89,50.6,14,36,38.9,18,21,85.7,10,47,57,28,6,5,12,16
652,DAL,34,90,37.8,7,32,21.9,20,25,80.0,11,31,42,15,4,3,11,19
653,HOU,38,92,41.3,15,42,35.7,23,26,88.5,14,35,49,19,4,3,15,21
654,ORL,39,84,46.4,11,36,30.6,26,30,86.7,7,32,39,23,6,3,11,22
655,SAC,41,88,46.6,10,25,40.0,25,27,92.6,10,32,42,26,9,3,11,19
656,GSW,45,87,51.7,15,40,37.5,14,15,93.3,9,31,40,31,3,4,14,20
657,CHI,43,81,53.1,8,20,40.0,27,29,93.1,6,40,46,21,7,7,17,16
658,NYK,45,94,47.9,10,31,32.3,17,26,65.4,14,33,47,16,7,6,14,21
659,CHA,38,94,40.4,11,38,28.9,20,24,83.3,10,34,44,25,11,8,12,23
660,MIN,39,76,51.3,9,24,37.5,26,36,72.2,8,25,33,25,8,6,15,30
661,ORL,42,81,51.9,13,33,39.4,29,36,80.6,13,36,49,26,6,5,17,22
662,TOR,38,116,32.8,9,46,19.6,16,20,80.0,14,33,47,22,10,4,9,23
663,NOP,41,89,46.1,14,38,36.8,23,26,88.5,15,36,51,25,6,6,15,19
664,PHI,48,98,49.0,14,36,38.9,19,22,86.4,14,32,46,24,4,7,11,19
665,LAL,40,81,49.4,8,27,29.6,24,30,80.0,9,33,42,20,10,4,17,18
666,CLE,30,77,39.0,11,36,30.6,19,23,82.6,7,39,46,15,9,4,15,17
667,OKC,58,98,59.2,20,40,50.0,14,22,63.6,9,35,44,31,14,3,13,23
668,MIL,48,100,48.0,11,40,27.5,16,17,94.1,15,34,49,27,8,6,12,14
669,UTA,38,88,43.2,13,44,29.5,26,29,89.7,12,32,44,21,9,3,16,19
670,IND,45,93,48.4,10,27,37.0,22,26,84.6,15,35,50,24,4,2,13,19
671,PHI,41,86,47.7,15,35,42.9,23,28,82.1,7,28,35,26,9,6,10,22
672,POR,48,84,57.1,14,31,45.2,25,35,71.4,6,38,44,29,16,6,18,27
673,GSW,54,121,44.6,19,59,32.2,16,24,66.7,23,46,69,34,9,6,19,23
674,BKN,58,93,62.4,11,20,55.0,12,15,80.0,7,38,45,31,13,7,13,16
675,LAC,29,67,43.3,12,29,41.4,30,34,88.2,3,31,34,19,7,1,15,18
676,CHA,42,93,45.2,11,32,34.4,20,29,69.0,8,39,47,24,8,7,14,22
677,CLE,48,92,52.2,16,46,34.8,33,45,73.3,13,34,47,27,1,3,10,27
678,HOU,38,82,46.3,9,29,31.0,21,29,72.4,8,38,46,21,4,4,10,28
679,NYK,36,74,48.6,13,33,39.4,17,25,68.0,5,40,45,26,1,2,8,13
680,MIN,45,87,51.7,13,36,36.1,21,27,77.8,11,30,41,29,7,4,12,22
681,MIL,34,96,35.4,13,49,26.5,14,15,93.3,14,30,44,22,11,3,16,15
682,DEN,45,79,57.0,17,30,56.7,16,18,88.9,1,34,35,31,5,4,17,17
683,MEM,46,100,46.0,10,32,31.3,16,24,66.7,21,36,57,25,11,8,12,18
684,HOU,29,77,37.7,14,46,30.4,16,23,69.6,12,40,52,20,4,6,25,24
685,MEM,47,92,51.1,5,29,17.2,17,22,77.3,13,39,52,26,14,11,19,27
686,IND,46,88,52.3,14,38,36.8,25,29,86.2,8,28,36,28,10,4,12,20
687,CHA,38,96,39.6,11,41,26.8,19,21,90.5,14,31,45,28,7,2,12,17
688,SAS,47,85,55.3,8,19,42.1,23,32,71.9,15,33,48,28,1,0,13,21
689,UTA,35,81,43.2,17,40,42.5,36,44,81.8,16,33,49,23,6,3,16,23
690,MIN,36,83,43.4,10,34,29.4,22,26,84.6,9,30,39,17,6,5,15,22
691,CHI,39,81,48.1,7,21,33.3,17,24,70.8,9,31,40,14,15,6,15,15
692,OKC,35,92,38.0,12,36,33.3,14,22,63.6,15,35,50,16,7,6,16,21
693,ORL,42,100,42.0,5,27,18.5,11,16,68.8,8,27,35,24,8,2,11,18
694,ATL,48,101,47.5,11,38,28.9,14,20,70.0,12,29,41,22,6,5,10,19
695,CHI,53,92,57.6,12,27,44.4,14,15,93.3,12,26,38,21,10,4,14,20
696,NOP,43,80,53.8,15,31,48.4,26,36,72.2,7,29,36,19,14,3,14,20
697,DEN,45,76,59.2,17,28,60.7,17,22,77.3,5,31,36,34,6,1,20,19
698,MIL,43,93,46.2,14,39,35.9,23,33,69.7,20,48,68,25,5,8,21,25
699,SAC,50,90,55.6,12,30,40.0,14,19,73.7,10,28,38,32,5,3,15,21
700,GSW,42,91,46.2,17,43,39.5,17,21,81.0,17,29,46,29,9,2,13,22
701,TOR,40,81,49.4,11,33,33.3,22,26,84.6,8,23,31,20,15,3,12,22
702,CHA,46,84,54.8,10,32,31.3,19,29,65.5,12,40,52,33,8,11,18,17
703,BOS,44,91,48.4,11,39,28.2,17,22,77.3,11,38,49,22,3,7,12,17
704,TOR,39,96,40.6,10,28,35.7,18,24,75.0,17,30,47,21,11,7,8,20
705,DAL,47,91,51.6,18,45,40.0,17,25,68.0,6,38,44,30,7,8,9,26
706,SAS,45,88,51.1,11,28,39.3,21,29,72.4,14,34,48,25,5,7,13,23
707,IND,48,85,56.5,19,31,61.3,20,21,95.2,4,28,32,28,6,8,9,18
708,NOP,39,81,48.1,11,23,47.8,30,43,69.8,9,34,43,22,6,4,15,24
709,DET,36,80,45.0,18,42,42.9,31,40,77.5,11,38,49,25,7,4,13,25
710,MIA,44,92,47.8,11,35,31.4,13,16,81.3,10,27,37,20,14,4,6,15
711,CHI,42,92,45.7,9,23,39.1,26,30,86.7,7,45,52,21,5,10,14,23
712,GSW,37,87,42.5,16,45,35.6,22,27,81.5,10,41,51,22,6,3,13,26
713,SAC,47,89,52.8,14,31,45.2,19,25,76.0,11,23,34,32,10,6,12,17
714,ATL,42,97,43.3,8,22,36.4,15,22,68.2,11,36,47,22,5,6,4,14
715,WAS,47,82,57.3,8,26,30.8,25,28,89.3,12,34,46,27,7,6,13,15
716,ORL,42,84,50.0,10,28,35.7,16,25,64.0,8,29,37,25,8,5,11,17
717,MEM,36,91,39.6,8,30,26.7,28,34,82.4,15,25,40,18,9,6,15,23
718,BOS,43,91,47.3,20,56,35.7,20,23,87.0,9,40,49,32,8,5,11,14
719,IND,47,92,51.1,13,35,37.1,22,27,81.5,7,42,49,28,3,2,13,16
720,GSW,41,95,43.2,8,37,21.6,20,24,83.3,9,40,49,31,3,2,14,22
721,DAL,44,90,48.9,13,46,28.3,25,33,75.8,7,40,47,20,4,5,9,25
722,SAC,40,82,48.8,10,35,28.6,16,19,84.2,8,31,39,20,8,2,16,18
723,WAS,39,85,45.9,11,33,33.3,27,31,87.1,14,25,39,18,7,8,18,23
724,TOR,43,84,51.2,6,23,26.1,21,26,80.8,10,29,39,24,6,4,12,16
725,OKC,46,86,53.5,13,24,54.2,25,31,80.6,13,32,45,25,10,10,14,18
726,DET,44,100,44.0,16,34,47.1,27,34,79.4,16,29,45,32,10,4,18,23
727,NOP,41,90,45.6,12,40,30.0,19,24,79.2,16,38,54,30,10,6,16,19
728,MIA,47,102,46.1,13,49,26.5,6,8,75.0,13,27,40,27,9,3,10,17
729,CHI,45,92,48.9,13,35,37.1,15,21,71.4,8,27,35,27,6,2,8,19
730,POR,43,86,50.0,14,38,36.8,24,28,85.7,10,40,50,28,8,9,15,20
731,SAS,48,87,55.2,6,18,33.3,24,34,70.6,6,35,41,27,11,8,14,25
732,CLE,39,82,47.6,13,36,36.1,26,30,86.7,10,23,33,21,8,3,12,14
733,BOS,50,85,58.8,19,39,48.7,20,25,80.0,5,30,35,29,9,1,12,18
734,DEN,45,94,47.9,13,36,36.1,25,34,73.5,12,36,48,29,8,4,13,23
735,GSW,43,91,47.3,18,44,40.9,19,26,73.1,9,42,51,31,6,5,12,18
736,DAL,44,84,52.4,18,44,40.9,18,25,72.0,11,27,38,31,6,3,11,26
737,NYK,43,90,47.8,12,32,37.5,14,17,82.4,12,34,46,30,4,6,8,19
738,SAC,37,84,44.0,10,32,31.3,27,35,77.1,13,34,47,19,5,2,13,20
739,HOU,37,81,45.7,8,26,30.8,24,28,85.7,12,33,45,26,9,3,15,21
740,MIA,41,95,43.2,13,33,39.4,13,14,92.9,13,25,38,23,7,3,10,13
741,ATL,49,92,53.3,12,34,35.3,20,24,83.3,8,40,48,30,10,8,8,20
742,BOS,44,100,44.0,13,46,28.3,20,26,76.9,20,33,53,28,9,6,12,16
743,NYK,43,86,50.0,16,35,45.7,15,26,57.7,12,35,47,23,2,4,10,17
744,BKN,46,93,49.5,14,32,43.8,12,13,92.3,12,33,45,30,11,2,12,18
745,OKC,47,102,46.1,13,35,37.1,18,25,72.0,10,37,47,27,9,5,18,26
746,CLE,39,76,51.3,11,33,33.3,18,30,60.0,6,29,35,27,9,4,15,17
747,DEN,47,81,58.0,10,21,47.6,16,26,61.5,4,34,38,31,9,2,11,19
748,PHX,38,87,43.7,9,35,25.7,15,26,57.7,11,24,35,23,6,5,15,26
749,ORL,50,87,57.5,17,32,53.1,16,20,80.0,7,37,44,30,8,2,19,15
750,LAL,48,92,52.2,19,44,43.2,15,22,68.2,12,30,42,27,5,1,17,19
751,PHI,47,88,53.4,12,29,41.4,13,14,92.9,6,33,39,31,7,3,9,20
752,NOP,44,91,48.4,13,34,38.2,25,27,92.6,16,30,46,25,10,6,17,24
753,UTA,42,86,48.8,16,35,45.7,20,21,95.2,8,32,40,16,5,3,11,16
754,MIN,42,85,49.4,8,30,26.7,7,10,70.0,8,31,39,23,7,4,13,24
755,SAC,48,95,50.5,17,47,36.2,21,28,75.0,10,36,46,29,6,2,12,23
756,NYK,42,76,55.3,11,26,42.3,11,18,61.1,9,29,38,25,2,3,17,19
757,PHI,41,93,44.1,11,37,29.7,20,22,90.9,13,36,49,27,8,7,12,23
758,CLE,41,85,48.2,10,32,31.3,22,28,78.6,9,28,37,22,8,3,10,21
759,ATL,39,91,42.9,14,37,37.8,16,16,100.0,9,38,47,22,6,7,15,15
760,LAC,41,81,50.6,23,49,46.9,21,23,91.3,5,43,48,29,6,7,27,22
761,OKC,36,77,46.8,8,24,33.3,21,25,84.0,9,28,37,19,9,3,18,16
762,BOS,39,101,38.6,13,41,31.7,21,25,84.0,25,37,62,26,11,5,17,9
763,BKN,54,84,64.3,21,33,63.6,14,16,87.5,3,29,32,42,10,4,15,23
764,HOU,41,88,46.6,17,43,39.5,11,17,64.7,9,40,49,22,6,4,17,23
765,NYK,45,87,51.7,17,40,42.5,25,32,78.1,14,33,47,27,8,1,12,15
766,DET,41,81,50.6,9,25,36.0,20,27,74.1,9,34,43,22,6,1,14,19
767,PHX,41,89,46.1,13,32,40.6,15,19,78.9,15,29,44,26,2,1,14,23
768,DEN,40,89,44.9,10,27,37.0,15,25,60.0,13,35,48,28,9,5,17,19
769,MIA,38,81,46.9,15,44,34.1,12,17,70.6,9,26,35,26,9,0,13,16
770,CLE,43,70,61.4,15,26,57.7,21,26,80.8,4,41,45,24,5,4,23,20
771,HOU,40,94,42.6,5,24,20.8,20,31,64.5,16,25,41,23,13,3,11,16
772,ATL,48,94,51.1,12,32,37.5,18,20,90.0,6,35,41,29,7,3,10,18
773,NOP,42,99,42.4,18,45,40.0,17,24,70.8,17,27,44,30,9,0,15,20
774,SAC,45,95,47.4,12,33,36.4,17,31,54.8,10,32,42,23,8,2,8,23
775,OKC,40,88,45.5,11,31,35.5,32,37,86.5,11,28,39,20,7,5,12,21
776,PHX,46,93,49.5,20,39,51.3,18,24,75.0,15,36,51,21,10,5,9,16
777,PHI,32,80,40.0,15,42,35.7,25,27,92.6,4,37,41,22,8,1,16,21
778,MIN,42,89,47.2,12,31,38.7,20,24,83.3,9,35,44,19,5,4,11,24
779,IND,39,90,43.3,13,38,34.2,15,23,65.2,12,32,44,20,5,3,15,28
780,DEN,43,94,45.7,11,33,33.3,22,34,64.7,15,40,55,33,6,3,14,17
781,TOR,40,95,42.1,13,33,39.4,17,22,77.3,18,25,43,21,6,2,14,22
782,DET,42,88,47.7,8,30,26.7,29,34,85.3,11,30,41,20,9,2,9,19
783,MIN,57,87,65.5,23,43,53.5,13,16,81.3,4,35,39,38,5,5,13,21
784,BOS,31,89,34.8,12,47,25.5,18,21,85.7,11,43,54,22,7,7,17,17
785,LAL,46,92,50.0,11,27,40.7,16,22,72.7,6,37,43,29,4,5,9,18
786,SAS,33,77,42.9,10,27,37.0,25,33,75.8,7,31,38,29,8,3,17,19
787,HOU,36,90,40.0,3,29,10.3,20,29,69.0,18,33,51,19,7,6,17,18
788,PHX,39,83,47.0,15,41,36.6,25,35,71.4,10,25,35,23,6,3,8,13
789,LAC,37,86,43.0,12,29,41.4,16,26,61.5,12,37,49,19,6,5,14,16
790,OKC,38,92,41.3,19,45,42.2,20,31,64.5,9,44,53,29,7,0,10,25
791,CLE,40,94,42.6,7,36,19.4,13,22,59.1,9,42,51,23,6,5,13,24
792,MIL,48,90,53.3,18,38,47.4,9,11,81.8,15,39,54,30,5,3,15,13
793,BOS,35,84,41.7,11,46,23.9,28,34,82.4,10,28,38,17,9,12,14,21
794,LAL,48,91,52.7,12,33,36.4,18,24,75.0,11,34,45,29,11,4,15,21
795,OKC,41,88,46.6,11,37,29.7,17,21,81.0,9,36,45,29,7,4,22,21
796,TOR,41,84,48.8,9,24,37.5,25,29,86.2,7,25,32,17,5,1,9,19
797,CHA,39,98,39.8,15,43,34.9,13,19,68.4,15,28,43,26,8,5,13,25
798,CLE,38,76,50.0,14,31,45.2,28,32,87.5,6,28,34,23,6,2,10,15
799,CHI,36,77,46.8,12,30,40.0,7,8,87.5,2,37,39,26,3,2,20,25
800,DAL,45,81,55.6,18,43,41.9,22,26,84.6,3,37,40,25,4,5,13,19
801,PHI,39,85,45.9,15,38,39.5,25,31,80.6,11,38,49,23,11,5,15,13
802,DET,39,85,45.9,10,29,34.5,25,31,80.6,14,32,46,22,7,1,17,26
803,HOU,44,94,46.8,9,33,27.3,11,17,64.7,18,33,51,22,10,4,15,19
804,LAC,34,90,37.8,12,33,36.4,15,21,71.4,21,31,52,21,4,3,18,18
805,UTA,42,92,45.7,18,47,38.3,30,37,81.1,11,33,44,24,8,6,16,25
806,MEM,56,102,54.9,12,32,37.5,18,23,78.3,14,42,56,30,5,7,8,19
807,DEN,54,83,65.1,4,16,25.0,29,35,82.9,7,38,45,31,8,7,19,17
808,OKC,41,82,50.0,9,24,37.5,17,23,73.9,7,37,44,26,7,4,14,16
809,DAL,29,74,39.2,13,38,34.2,19,26,73.1,6,27,33,17,2,3,13,15
810,SAS,45,97,46.4,11,29,37.9,11,19,57.9,14,26,40,23,9,3,11,16
811,IND,44,87,50.6,16,39,41.0,21,25,84.0,5,29,34,30,10,8,18,25
812,CHA,47,114,41.2,17,51,33.3,23,29,79.3,17,35,52,21,7,6,5,29
813,TOR,47,94,50.0,6,21,28.6,23,27,85.2,11,28,39,25,8,7,7,18
814,CHI,46,84,54.8,9,28,32.1,19,22,86.4,3,28,31,25,6,7,12,18
815,ORL,47,93,50.5,16,36,44.4,25,30,83.3,14,32,46,28,10,6,14,22
816,LAC,34,89,38.2,14,46,30.4,17,21,81.0,14,38,52,21,8,2,15,21
817,LAL,44,93,47.3,8,29,27.6,22,30,73.3,7,42,49,23,7,9,12,17
818,MIL,45,82,54.9,12,29,41.4,26,32,81.3,12,43,55,22,8,5,23,18
819,UTA,49,103,47.6,15,47,31.9,8,12,66.7,19,40,59,31,4,10,22,23
820,HOU,34,81,42.0,12,35,34.3,31,34,91.2,17,50,67,16,6,9,23,21
821,PHI,43,84,51.2,16,35,45.7,21,27,77.8,4,38,42,34,10,4,12,21
822,WAS,37,79,46.8,11,31,35.5,15,22,68.2,6,38,44,21,6,2,20,16
823,MEM,50,83,60.2,13,32,40.6,15,18,83.3,5,44,49,36,8,12,23,17
824,LAC,44,90,48.9,10,25,40.0,15,21,71.4,11,35,46,18,10,2,10,26
825,SAS,46,97,47.4,9,27,33.3,11,16,68.8,19,27,46,25,6,2,13,19
826,POR,48,89,53.9,21,46,45.7,16,21,76.2,11,43,54,32,4,4,19,21
827,DAL,39,93,41.9,22,54,40.7,21,25,84.0,16,34,50,24,4,3,14,19
828,IND,28,79,35.4,11,39,28.2,15,20,75.0,8,37,45,16,7,11,18,18
829,NOP,50,86,58.1,8,25,32.0,21,28,75.0,7,36,43,31,10,3,17,26
830,HOU,40,91,44.0,6,27,22.2,11,12,91.7,10,39,49,23,11,8,12,17
831,PHI,46,83,55.4,13,27,48.1,26,32,81.3,9,32,41,31,6,6,16,24
832,ORL,36,77,46.8,14,31,45.2,25,31,80.6,11,31,42,25,3,7,18,28
833,ATL,47,98,48.0,13,39,33.3,16,21,76.2,8,37,45,28,3,6,15,22
834,DET,43,93,46.2,17,45,37.8,14,17,82.4,10,30,40,28,9,3,12,19
835,NYK,40,89,44.9,8,35,22.9,24,27,88.9,15,40,55,19,8,4,17,22
836,MIA,39,81,48.1,13,34,38.2,20,28,71.4,5,27,32,26,5,3,10,22
837,GSW,47,92,51.1,13,39,33.3,16,20,80.0,11,42,53,26,3,6,15,20
838,CHI,54,85,63.5,19,34,55.9,17,24,70.8,4,40,44,33,8,5,10,17
839,POR,43,83,51.8,13,34,38.2,25,28,89.3,11,34,45,20,5,4,16,24
840,IND,47,85,55.3,21,44,47.7,18,24,75.0,7,23,30,30,10,3,19,27
841,CLE,40,85,47.1,12,32,37.5,18,26,69.2,12,36,48,25,6,4,13,14
842,DEN,47,86,54.7,8,26,30.8,13,16,81.3,6,33,39,28,5,8,9,17
843,WAS,37,85,43.5,16,34,47.1,17,19,89.5,8,42,50,24,8,3,15,15
844,CLE,34,79,43.0,10,30,33.3,17,22,77.3,8,28,36,20,7,4,20,23
845,UTA,39,90,43.3,13,44,29.5,17,24,70.8,12,28,40,22,9,0,11,20
846,CHA,37,84,44.0,6,26,23.1,22,28,78.6,12,33,45,16,8,6,13,26
847,BKN,45,83,54.2,13,30,43.3,17,21,81.0,9,29,38,30,10,5,21,18
848,MEM,44,91,48.4,9,32,28.1,17,32,53.1,12,36,48,30,11,8,14,19
849,IND,43,85,50.6,18,41,43.9,17,20,85.0,13,27,40,23,7,2,12,21
850,PHI,48,90,53.3,18,40,45.0,19,22,86.4,7,35,42,30,14,2,23,30
851,NOP,46,90,51.1,8,27,29.6,28,35,80.0,13,31,44,27,10,1,11,15
852,DAL,41,88,46.6,13,40,32.5,10,24,41.7,12,31,43,21,8,6,11,21
853,ORL,42,71,59.2,10,26,38.5,19,21,90.5,3,40,43,24,3,4,20,27
854,POR,44,91,48.4,16,40,40.0,16,16,100.0,13,25,38,30,10,3,13,20
855,MIA,46,90,51.1,12,32,37.5,11,14,78.6,7,36,43,24,11,1,8,20
856,SAS,46,83,55.4,13,36,36.1,13,15,86.7,7,31,38,25,5,7,17,19
857,NOP,39,85,45.9,8,27,29.6,18,23,78.3,10,40,50,21,8,9,19,21
858,MEM,48,94,51.1,14,38,36.8,13,16,81.3,10,40,50,32,13,9,17,19
859,BKN,49,86,57.0,12,31,38.7,12,16,75.0,5,34,39,33,3,8,11,20
860,UTA,46,86,53.5,15,35,42.9,17,21,81.0,9,31,40,26,6,7,17,17
861,ORL,40,95,42.1,8,28,28.6,28,31,90.3,16,37,53,20,8,5,13,21
862,MIL,46,96,47.9,14,33,42.4,20,24,83.3,17,33,50,34,3,2,7,15
863,MIN,44,93,47.3,8,23,34.8,25,27,92.6,16,35,51,25,15,2,23,21
864,CHI,45,90,50.0,10,23,43.5,15,17,88.2,6,35,41,29,11,4,19,20
865,PHX,37,93,39.8,8,32,25.0,16,19,84.2,13,36,49,19,5,4,18,17
866,NYK,37,83,44.6,17,36,47.2,22,24,91.7,13,42,55,26,6,2,14,23
867,TOR,47,106,44.3,12,43,27.9,20,24,83.3,17,37,54,25,10,5,11,22
868,CLE,48,93,51.6,7,27,25.9,13,17,76.5,9,35,44,25,11,3,8,20
869,DEN,40,78,51.3,13,32,40.6,22,28,78.6,8,28,36,30,8,4,17,28
870,MIA,33,77,42.9,10,32,31.3,20,26,76.9,7,33,40,21,7,2,15,20
871,TOR,39,85,45.9,10,28,35.7,22,30,73.3,12,34,46,19,6,5,13,20
872,CHA,47,98,48.0,12,34,35.3,11,17,64.7,14,35,49,29,8,4,10,16
873,HOU,42,94,44.7,14,39,35.9,34,44,77.3,16,35,51,19,9,3,21,27
874,ORL,34,93,36.6,8,32,25.0,26,29,89.7,15,37,52,21,8,2,14,19
875,MEM,42,90,46.7,8,32,25.0,9,9,100.0,4,37,41,23,10,5,12,14
876,ATL,44,102,43.1,13,38,34.2,13,17,76.5,17,37,54,24,7,4,18,24
877,GSW,38,94,40.4,13,44,29.5,15,19,78.9,12,35,47,26,6,6,12,19
878,DAL,44,84,52.4,20,41,48.8,22,26,84.6,10,31,41,23,7,6,13,23
879,SAC,40,86,46.5,13,43,30.2,17,19,89.5,5,41,46,30,10,2,19,17
880,WAS,49,105,46.7,10,39,25.6,11,15,73.3,11,33,44,24,10,8,10,23
881,POR,42,86,48.8,17,40,42.5,15,22,68.2,11,34,45,32,10,3,15,17
882,BKN,34,84,40.5,9,26,34.6,15,22,68.2,11,34,45,17,6,7,15,18
883,SAS,38,87,43.7,6,31,19.4,13,18,72.2,12,28,40,19,5,3,19,24
884,DET,37,84,44.0,13,35,37.1,25,30,83.3,8,31,39,26,7,7,15,24
885,NYK,35,86,40.7,5,29,17.2,17,21,81.0,14,40,54,17,6,3,21,16
886,NOP,41,81,50.6,11,26,42.3,28,36,77.8,6,30,36,29,10,5,11,22
887,GSW,45,85,52.9,25,52,48.1,5,10,50.0,6,29,35,34,8,5,14,24
888,UTA,38,84,45.2,13,36,36.1,22,28,78.6,10,34,44,20,8,4,13,22
889,NYK,35,77,45.5,10,31,32.3,20,28,71.4,7,38,45,18,7,1,20,17
890,TOR,47,84,56.0,9,29,31.0,18,25,72.0,12,31,43,31,12,4,17,24
891,MIN,47,89,52.8,10,30,33.3,24,30,80.0,12,32,44,25,13,10,23,23
892,CHA,34,87,39.1,5,24,20.8,23,26,88.5,9,35,44,15,9,4,14,19
893,LAC,33,93,35.5,9,33,27.3,21,26,80.8,17,33,50,15,4,3,18,23
894,MIL,50,94,53.2,17,43,39.5,12,15,80.0,10,32,42,29,2,5,10,18
895,PHX,45,85,52.9,17,37,45.9,14,19,73.7,9,28,37,30,9,5,18,28
896,CLE,41,84,48.8,16,42,38.1,9,9,100.0,5,28,33,22,7,5,13,14
897,GSW,42,87,48.3,20,50,40.0,15,23,65.2,7,43,50,32,2,5,20,19
898,MEM,42,97,43.3,11,30,36.7,22,28,78.6,19,38,57,22,8,11,12,18
899,BKN,44,82,53.7,11,32,34.4,15,22,68.2,7,34,41,27,7,5,18,27
900,CHA,40,95,42.1,12,29,41.4,25,31,80.6,19,26,45,25,6,3,4,24
901,BOS,40,87,46.0,15,45,33.3,21,28,75.0,7,41,48,26,6,2,20,18
902,UTA,46,83,55.4,15,34,44.1,32,37,86.5,8,39,47,29,7,2,26,28
903,ATL,49,88,55.7,10,28,35.7,9,14,64.3,12,31,43,24,7,3,12,14
904,SAS,38,98,38.8,11,39,28.2,12,16,75.0,10,39,49,26,4,4,12,23
905,DET,51,94,54.3,15,35,42.9,14,24,58.3,13,39,52,29,9,0,13,26
906,CLE,45,74,60.8,15,29,51.7,8,10,80.0,6,34,40,28,10,3,19,13
907,PHX,49,93,52.7,15,33,45.5,19,21,90.5,10,36,46,22,3,5,14,28
908,SAC,48,95,50.5,16,43,37.2,25,29,86.2,11,47,58,28,8,5,18,25
909,NOP,45,86,52.3,14,33,42.4,22,26,84.6,12,40,52,28,10,4,20,16
910,OKC,48,94,51.1,9,27,33.3,14,21,66.7,15,37,52,17,4,4,12,20
911,UTA,45,81,55.6,14,32,43.8,21,28,75.0,13,33,46,24,4,7,18,24
912,ORL,39,79,49.4,8,27,29.6,22,25,88.0,6,27,33,26,5,3,18,21
913,DEN,44,83,53.0,17,32,53.1,15,20,75.0,8,34,42,30,6,8,12,21
914,BKN,39,84,46.4,11,26,42.3,24,26,92.3,4,31,35,22,8,7,9,25
915,NYK,42,100,42.0,6,30,20.0,13,20,65.0,19,36,55,18,2,3,8,20
916,MIN,41,89,46.1,12,39,30.8,15,19,78.9,5,24,29,26,13,11,13,25
917,LAL,48,97,49.5,14,37,37.8,18,26,69.2,13,35,48,28,5,6,8,18
918,BOS,46,83,55.4,22,45,48.9,20,23,87.0,11,30,41,32,7,0,18,18
919,POR,42,90,46.7,17,35,48.6,11,15,73.3,9,34,43,24,6,7,11,23
920,DAL,42,91,46.2,15,44,34.1,17,27,63.0,8,31,39,21,7,4,14,21
921,DET,42,83,50.6,13,39,33.3,13,20,65.0,7,23,30,28,7,4,16,17
922,NOP,39,87,44.8,9,32,28.1,18,20,90.0,14,35,49,21,12,8,22,18
923,SAC,46,88,52.3,9,25,36.0,16,18,88.9,8,29,37,32,9,7,16,15
924,UTA,41,85,48.2,19,49,38.8,6,15,40.0,9,36,45,30,5,4,14,17
925,BKN,44,81,54.3,9,28,32.1,12,14,85.7,8,34,42,20,7,8,18,19
926,DEN,50,88,56.8,12,30,40.0,17,20,85.0,13,30,43,31,8,4,14,22
927,TOR,37,84,44.0,12,28,42.9,14,17,82.4,7,38,45,23,4,5,12,17
928,WAS,52,91,57.1,15,31,48.4,23,27,85.2,7,27,34,31,12,5,7,25
929,LAL,40,93,43.0,11,31,35.5,24,31,77.4,18,39,57,23,3,7,14,16
930,PHI,39,86,45.3,10,28,35.7,16,18,88.9,10,27,37,23,10,3,12,19
931,BOS,55,93,59.1,24,52,46.2,6,7,85.7,9,30,39,40,10,5,16,18
932,BKN,41,78,52.6,15,35,42.9,14,18,77.8,4,34,38,27,6,2,8,24
933,MIL,48,86,55.8,17,37,45.9,11,15,73.3,8,32,40,28,8,5,14,24
934,ATL,35,88,39.8,10,36,27.8,18,19,94.7,8,34,42,24,6,3,12,12
935,MIN,39,88,44.3,14,35,40.0,22,29,75.9,6,25,31,22,7,2,14,19
936,LAC,42,94,44.7,6,32,18.8,24,32,75.0,18,44,62,33,7,4,18,18
937,BOS,44,80,55.0,16,34,47.1,26,26,100.0,10,28,38,25,2,5,14,23
938,NYK,44,87,50.6,10,30,33.3,25,30,83.3,12,30,42,30,3,7,8,27
939,DET,36,79,45.6,8,28,28.6,14,26,53.8,7,29,36,14,9,6,16,26
940,ORL,36,79,45.6,12,40,30.0,19,25,76.0,7,19,26,21,9,4,16,20
941,PHX,42,92,45.7,6,22,27.3,23,30,76.7,18,30,48,23,8,6,6,20
942,HOU,45,86,52.3,18,36,50.0,10,14,71.4,11,42,53,25,9,3,25,19
943,TOR,38,88,43.2,8,26,30.8,21,26,80.8,17,31,48,20,10,2,13,21
944,SAS,53,105,50.5,18,37,48.6,14,20,70.0,17,30,47,33,8,5,10,32
945,MIA,42,89,47.2,7,26,26.9,19,23,82.6,10,37,47,24,5,5,13,19
946,IND,43,86,50.0,12,34,35.3,30,38,78.9,5,36,41,28,13,4,10,11
947,LAC,37,68,54.4,11,22,50.0,19,34,55.9,4,29,33,22,1,5,14,20
948,PHX,42,87,48.3,7,29,24.1,17,26,65.4,11,32,43,25,7,7,13,18
949,MEM,47,91,51.6,18,38,47.4,20,27,74.1,13,33,46,26,4,4,14,20
950,ORL,34,80,42.5,9,35,25.7,22,27,81.5,9,26,35,20,7,6,14,15
951,OKC,44,95,46.3,7,29,24.1,28,32,87.5,10,40,50,24,7,5,13,21
952,GSW,52,101,51.5,20,45,44.4,5,6,83.3,16,33,49,33,8,3,21,15
953,HOU,41,87,47.1,12,35,34.3,34,41,82.9,22,37,59,25,9,4,22,29
954,SAS,38,100,38.0,6,33,18.2,12,16,75.0,20,30,50,21,11,3,16,18
955,CHA,40,89,44.9,8,25,32.0,22,32,68.8,15,40,55,24,6,4,18,18
956,MIL,42,83,50.6,15,32,46.9,18,25,72.0,8,35,43,27,4,9,13,22
957,BOS,41,83,49.4,16,37,43.2,24,27,88.9,4,34,38,27,9,6,10,24
958,NYK,46,105,43.8,13,41,31.7,24,28,85.7,12,32,44,27,7,5,10,35
959,IND,37,96,38.5,16,44,36.4,11,16,68.8,13,17,30,25,16,5,13,16
960,BOS,45,84,53.6,17,34,50.0,18,21,85.7,6,32,38,29,4,4,12,22
961,OKC,42,97,43.3,18,40,45.0,24,28,85.7,12,27,39,26,6,7,10,27
962,ATL,41,92,44.6,11,30,36.7,22,23,95.7,10,37,47,23,9,6,13,20
963,TOR,36,101,35.6,7,29,24.1,19,25,76.0,23,29,52,16,12,2,14,13
964,GSW,48,97,49.5,19,51,37.3,9,13,69.2,12,33,45,36,11,5,13,26
965,CHA,44,92,47.8,6,23,26.1,13,21,61.9,11,33,44,25,8,1,16,15
966,UTA,41,83,49.4,18,41,43.9,16,19,84.2,7,31,38,31,4,7,16,21
967,SAS,41,85,48.2,10,34,29.4,18,28,64.3,8,29,37,31,11,1,20,23
968,MIA,39,93,41.9,16,41,39.0,19,22,86.4,14,39,53,20,7,5,13,18
969,CLE,41,74,55.4,12,27,44.4,20,23,87.0,11,28,39,22,4,4,17,14
970,MIL,41,90,45.6,12,38,31.6,19,25,76.0,11,37,48,24,5,3,20,17
971,PHI,43,99,43.4,16,32,50.0,13,16,81.3,20,29,49,19,9,4,10,12
972,PHX,48,102,47.1,16,34,47.1,3,5,60.0,8,41,49,23,8,7,15,22
973,MEM,41,91,45.1,8,30,26.7,19,30,63.3,13,36,49,26,12,10,18,23
974,DEN,43,86,50.0,5,19,26.3,17,26,65.4,15,27,42,28,7,8,18,21
975,MIN,37,85,43.5,14,47,29.8,17,20,85.0,6,34,40,30,9,6,18,25
976,NOP,49,91,53.8,15,42,35.7,15,21,71.4,11,39,50,30,15,5,14,16
977,OKC,43,88,48.9,8,24,33.3,25,32,78.1,11,27,38,25,5,5,14,18
978,CLE,42,70,60.0,10,19,52.6,20,23,87.0,3,34,37,24,8,3,20,17
979,CHI,46,89,51.7,14,29,48.3,15,20,75.0,8,43,51,26,10,1,15,19
980,LAC,47,91,51.6,9,24,37.5,18,19,94.7,12,29,41,26,6,6,16,20
981,IND,43,86,50.0,13,46,28.3,24,27,88.9,12,36,48,32,9,5,21,23
982,MIL,47,86,54.7,9,28,32.1,16,25,64.0,10,32,42,31,12,8,14,17
983,HOU,41,90,45.6,15,45,33.3,23,27,85.2,12,33,45,24,13,1,14,12
984,LAL,45,85,52.9,12,34,35.3,21,24,87.5,5,49,54,29,5,2,15,10
985,SAC,47,85,55.3,12,35,34.3,31,35,88.6,8,33,41,29,4,0,11,18
986,CLE,44,83,53.0,13,37,35.1,12,16,75.0,13,36,49,31,7,1,20,23
987,PHX,43,101,42.6,17,39,43.6,13,18,72.2,22,38,60,35,3,8,13,22
988,BKN,50,83,60.2,16,34,47.1,11,15,73.3,5,40,45,33,5,5,19,25
989,DAL,35,78,44.9,15,42,35.7,12,21,57.1,6,30,36,24,5,3,13,18
990,WAS,40,93,43.0,13,34,38.2,13,18,72.2,14,35,49,19,6,13,17,19
991,PHI,34,71,47.9,14,32,43.8,27,32,84.4,4,35,39,21,10,1,22,24
992,LAC,44,81,54.3,21,40,52.5,10,19,52.6,7,28,35,32,9,1,13,20
993,IND,41,90,45.6,18,46,39.1,14,19,73.7,12,30,42,27,5,6,15,18
994,ATL,46,92,50.0,7,25,28.0,25,32,78.1,11,39,50,23,5,5,15,20
995,POR,39,83,47.0,13,42,31.0,22,27,81.5,10,33,43,27,11,8,18,22
996,CLE,49,92,53.3,8,28,28.6,26,32,81.3,7,43,50,25,8,8,20,25
997,NOP,43,87,49.4,13,35,37.1,10,13,76.9,7,30,37,24,13,3,13,18
998,LAL,43,78,55.1,7,20,35.0,35,40,87.5,7,37,44,29,2,7,16,24
999,UTA,51,91,56.0,16,31,51.6,16,24,66.7,11,25,36,32,6,3,17,28
1000,WAS,41,96,42.7,15,46,32.6,10,14,71.4,8,46,54,33,6,4,16,25
1001,HOU,29,86,33.7,6,28,21.4,27,32,84.4,14,35,49,15,8,4,17,24
1002,GSW,41,91,45.1,18,50,36.0,11,20,55.0,12,39,51,32,8,3,18,26
1003,MEM,39,93,41.9,14,39,35.9,29,40,72.5,17,40,57,26,4,7,11,13
1004,DAL,46,77,59.7,13,32,40.6,22,28,78.6,6,38,44,29,5,3,10,19
1005,CHI,41,89,46.1,5,21,23.8,20,25,80.0,13,33,46,27,6,6,11,19
1006,PHI,40,78,51.3,13,28,46.4,17,26,65.4,6,35,41,28,5,5,18,18
1007,LAC,33,81,40.7,11,30,36.7,19,24,79.2,10,41,51,17,1,1,18,21
1008,POR,36,93,38.7,13,36,36.1,22,27,81.5,8,31,39,22,9,5,10,22
1009,SAC,48,83,57.8,12,30,40.0,22,24,91.7,6,31,37,28,7,1,12,15
1010,DEN,36,82,43.9,14,38,36.8,17,20,85.0,8,34,42,18,3,5,15,25
1011,MIL,41,86,47.7,16,39,41.0,15,27,55.6,13,39,52,26,5,6,14,16
1012,WAS,44,86,51.2,17,34,50.0,15,17,88.2,11,30,41,32,8,5,19,20
1013,TOR,44,86,51.2,7,26,26.9,17,22,77.3,16,26,42,23,5,3,14,23
1014,ATL,42,101,41.6,7,32,21.9,10,13,76.9,14,31,45,21,5,5,9,11
1015,ORL,42,93,45.2,9,35,25.7,15,17,88.2,12,35,47,21,6,5,16,26
1016,CHA,43,94,45.7,12,33,36.4,15,18,83.3,14,30,44,29,8,4,18,23
1017,PHX,44,86,51.2,21,40,52.5,21,25,84.0,8,39,47,33,5,8,16,22
1018,DAL,31,102,30.4,12,55,21.8,18,19,94.7,13,25,38,21,9,2,6,19
1019,NOP,43,85,50.6,17,33,51.5,21,24,87.5,12,34,46,30,4,6,15,18
1020,UTA,36,83,43.4,14,43,32.6,25,30,83.3,15,34,49,29,7,5,21,22
1021,DAL,35,80,43.8,17,43,39.5,16,24,66.7,8,26,34,20,12,1,12,20
1022,SAC,56,94,59.6,20,41,48.8,21,25,84.0,9,34,43,39,9,4,17,24
1023,POR,41,79,51.9,15,32,46.9,20,26,76.9,9,30,39,22,6,3,17,17
1024,NOP,43,91,47.3,18,38,47.4,9,12,75.0,7,36,43,31,2,8,10,20
1025,BOS,46,96,47.9,10,37,27.0,24,29,82.8,10,36,46,25,15,7,14,20
1026,DET,35,77,45.5,10,31,32.3,31,43,72.1,11,28,39,23,8,2,19,23
1027,HOU,39,86,45.3,9,30,30.0,19,31,61.3,10,30,40,20,11,3,14,22
1028,MIA,38,83,45.8,15,33,45.5,22,25,88.0,17,25,42,23,6,4,15,10
1029,MIL,34,82,41.5,6,29,20.7,32,41,78.0,11,35,46,21,4,3,17,26
1030,ORL,36,88,40.9,14,36,38.9,19,23,82.6,22,26,48,23,3,7,22,18
1031,GSW,47,88,53.4,23,45,51.1,15,16,93.8,5,35,40,35,9,3,13,17
1032,CHI,40,81,49.4,6,22,27.3,17,21,81.0,8,28,36,24,9,4,19,19
1033,NYK,48,97,49.5,10,31,32.3,29,33,87.9,13,22,35,25,13,2,13,18
1034,CLE,40,89,44.9,17,34,50.0,27,39,69.2,16,24,40,22,6,1,10,22
1035,WAS,36,86,41.9,19,40,47.5,11,21,52.4,9,38,47,26,9,6,15,15
1036,SAC,47,91,51.6,16,37,43.2,12,19,63.2,9,36,45,31,8,2,16,17
1037,LAL,44,91,48.4,11,27,40.7,17,20,85.0,12,33,45,25,3,2,9,22
1038,PHI,40,83,48.2,4,23,17.4,21,26,80.8,8,31,39,21,12,14,12,19
1039,WAS,44,88,50.0,16,36,44.4,17,20,85.0,6,40,46,27,6,8,9,14
1040,LAC,34,85,40.0,11,31,35.5,16,20,80.0,10,36,46,22,4,6,18,17
1041,DAL,41,81,50.6,14,43,32.6,21,26,80.8,7,33,40,26,8,2,11,27
1042,PHI,44,80,55.0,8,24,33.3,25,31,80.6,2,29,31,24,10,5,12,26
1043,NOP,42,86,48.8,8,29,27.6,27,31,87.1,12,24,36,28,13,1,12,23
1044,DET,37,89,41.6,16,38,42.1,18,21,85.7,11,39,50,23,4,3,14,23
1045,MIA,49,93,52.7,16,41,39.0,18,21,85.7,9,37,46,32,7,5,12,19
1046,IND,41,82,50.0,19,43,44.2,17,23,73.9,11,40,51,33,4,6,21,23
1047,GSW,40,82,48.8,15,36,41.7,11,14,78.6,8,36,44,29,5,3,15,27
1048,OKC,52,93,55.9,15,36,41.7,13,17,76.5,15,29,44,31,10,6,19,27
1049,NYK,42,94,44.7,10,40,25.0,27,29,93.1,16,31,47,23,7,3,11,31
1050,MEM,44,88,50.0,7,33,21.2,19,27,70.4,15,31,46,25,8,3,14,19
1051,BOS,50,90,55.6,16,37,43.2,15,20,75.0,10,36,46,30,3,5,7,19
1052,ORL,43,82,52.4,15,33,45.5,13,15,86.7,9,41,50,23,2,4,15,11
1053,SAS,43,85,50.6,12,31,38.7,13,15,86.7,9,41,50,22,3,13,19,22
1054,LAL,42,88,47.7,10,25,40.0,20,26,76.9,14,27,41,22,11,5,14,22
1055,WAS,41,84,48.8,12,30,40.0,19,20,95.0,8,44,52,25,5,5,17,21
1056,NOP,33,79,41.8,10,28,35.7,19,24,79.2,9,36,45,19,3,5,17,21
1057,MIA,39,90,43.3,10,36,27.8,29,36,80.6,8,30,38,21,9,1,11,25
1058,ATL,39,88,44.3,6,26,23.1,20,23,87.0,11,43,54,19,8,2,18,22
1059,CHA,34,91,37.4,10,40,25.0,17,24,70.8,20,22,42,21,10,3,11,22
1060,BOS,47,88,53.4,18,46,39.1,16,21,76.2,8,35,43,31,5,4,13,25
1061,SAS,47,98,48.0,12,37,32.4,16,23,69.6,13,26,39,30,8,2,12,17
1062,CHI,44,87,50.6,7,27,25.9,16,18,88.9,6,29,35,23,5,8,15,23
1063,OKC,50,111,45.0,18,45,40.0,14,19,73.7,16,39,55,24,9,9,13,26
1064,TOR,42,102,41.2,15,44,34.1,17,20,85.0,22,28,50,19,12,9,13,26
1065,MIN,41,78,52.6,9,27,33.3,26,32,81.3,8,30,38,26,4,6,19,22
1066,IND,45,96,46.9,14,42,33.3,15,19,78.9,11,33,44,28,9,5,18,23
1067,BKN,42,87,48.3,14,34,41.2,14,20,70.0,11,44,55,30,11,5,15,22
1068,SAC,40,76,52.6,17,39,43.6,30,35,85.7,2,22,24,30,12,4,9,20
1069,ORL,36,73,49.3,8,21,38.1,14,21,66.7,4,45,49,20,1,6,19,20
1070,LAC,41,81,50.6,12,33,36.4,20,26,76.9,6,35,41,24,10,7,15,24
1071,ATL,51,109,46.8,8,28,28.6,9,11,81.8,17,37,54,24,5,5,11,16
1072,PHI,31,80,38.8,12,32,37.5,26,31,83.9,15,33,48,22,5,6,16,17
1073,MIA,40,84,47.6,14,39,35.9,13,15,86.7,5,27,32,28,11,2,12,18
1074,MIN,38,81,46.9,11,41,26.8,20,24,83.3,4,35,39,28,7,8,18,18
1075,MEM,41,91,45.1,15,44,34.1,9,14,64.3,8,37,45,27,4,4,11,23
1076,LAC,40,79,50.6,17,38,44.7,22,28,78.6,4,27,31,19,8,2,9,19
1077,ORL,45,82,54.9,12,25,48.0,25,31,80.6,11,26,37,27,7,4,20,25
1078,CHA,42,101,41.6,5,32,15.6,11,16,68.8,17,28,45,27,8,7,11,23
1079,UTA,53,95,55.8,16,38,42.1,17,22,77.3,10,31,41,30,10,7,15,23
1080,SAS,43,82,52.4,12,33,36.4,11,18,61.1,10,28,38,31,14,5,24,17
1081,CHI,42,80,52.5,9,28,32.1,18,22,81.8,9,40,49,30,7,7,22,21
1082,DAL,32,72,44.4,12,28,42.9,20,24,83.3,12,29,41,18,7,3,22,20
1083,DET,39,93,41.9,9,33,27.3,25,33,75.8,16,42,58,20,6,9,16,19
1084,IND,43,86,50.0,22,48,45.8,21,23,91.3,10,35,45,33,6,8,17,19
1085,ATL,46,99,46.5,11,29,37.9,14,17,82.4,12,36,48,23,11,3,12,18
1086,GSW,44,88,50.0,14,38,36.8,14,21,66.7,8,40,48,28,5,4,15,21
1087,LAC,43,87,49.4,8,33,24.2,8,13,61.5,4,28,32,22,11,2,14,26
1088,LAL,40,87,46.0,8,27,29.6,12,21,57.1,10,33,43,24,4,4,17,26
1089,TOR,44,103,42.7,10,37,27.0,15,20,75.0,23,29,52,28,11,10,9,16
1090,MEM,39,91,42.9,9,29,31.0,16,20,80.0,12,38,50,20,8,2,11,17
1091,ORL,50,92,54.3,4,23,17.4,19,20,95.0,7,41,48,27,8,4,18,26
1092,MIL,38,90,42.2,17,47,36.2,15,17,88.2,18,37,55,23,7,6,19,16
1093,CHA,32,86,37.2,14,42,33.3,16,23,69.6,13,37,50,22,3,6,15,21
1094,PHX,35,82,42.7,11,30,36.7,21,28,75.0,11,33,44,22,7,14,14,22
1095,NYK,46,90,51.1,11,27,40.7,15,16,93.8,12,32,44,22,6,4,14,14
1096,MIN,49,80,61.3,15,33,45.5,16,20,80.0,9,27,36,38,11,5,24,27
1097,ATL,47,103,45.6,9,36,25.0,21,25,84.0,12,38,50,28,12,8,13,23
1098,DEN,53,87,60.9,15,29,51.7,5,10,50.0,10,37,47,37,10,0,18,15
1099,PHX,36,83,43.4,14,34,41.2,20,21,95.2,13,26,39,26,8,4,17,22
1100,PHI,37,98,37.8,13,47,27.7,17,21,81.0,13,31,44,27,12,8,15,25
1101,NOP,41,81,50.6,12,29,41.4,20,29,69.0,9,28,37,24,10,2,16,21
1102,MEM,50,98,51.0,16,36,44.4,14,18,77.8,18,42,60,34,6,10,19,20
1103,BOS,41,83,49.4,9,31,29.0,32,39,82.1,7,32,39,24,5,7,14,23
1104,DET,31,83,37.3,13,37,35.1,13,15,86.7,9,25,34,16,10,6,19,22
1105,SAS,42,88,47.7,12,31,38.7,10,18,55.6,6,29,35,23,7,2,13,17
1106,DAL,39,77,50.6,12,34,35.3,21,25,84.0,6,25,31,23,12,3,19,21
1107,IND,37,80,46.3,12,39,30.8,15,23,65.2,5,37,42,28,7,5,19,19
1108,LAL,40,83,48.2,11,26,42.3,25,28,89.3,9,31,40,22,6,6,11,17
1109,WAS,30,83,36.1,8,34,23.5,18,22,81.8,7,32,39,18,4,3,13,15
1110,MIN,39,92,42.4,11,41,26.8,13,17,76.5,10,37,47,22,2,4,16,25
1111,ORL,42,78,53.8,13,30,43.3,33,46,71.7,11,35,46,20,9,6,19,22
1112,OKC,45,93,48.4,6,29,20.7,14,19,73.7,10,30,40,19,9,5,10,19
1113,SAS,37,94,39.4,14,43,32.6,12,14,85.7,13,33,46,29,3,6,23,20
1114,DAL,42,84,50.0,11,38,28.9,8,15,53.3,7,30,37,20,9,4,12,14
1115,HOU,37,88,42.0,11,38,28.9,16,21,76.2,16,34,50,17,9,5,19,22
1116,NYK,37,90,41.1,10,36,27.8,15,20,75.0,12,40,52,23,3,9,17,19
1117,CHI,38,88,43.2,14,31,45.2,16,18,88.9,11,40,51,28,6,9,20,18
1118,MIA,44,89,49.4,11,34,32.4,11,13,84.6,9,37,46,27,5,5,11,20
1119,MIL,43,92,46.7,10,38,26.3,20,24,83.3,15,37,52,24,17,5,16,16
1120,LAL,45,98,45.9,10,36,27.8,20,23,87.0,11,45,56,30,6,8,18,17
1121,CLE,42,100,42.0,11,39,28.2,19,24,79.2,9,42,51,24,6,4,11,23
1122,POR,36,89,40.4,13,33,39.4,21,26,80.8,16,30,46,27,5,3,20,17
1123,PHI,39,84,46.4,19,36,52.8,14,20,70.0,6,26,32,25,3,1,8,25
1124,PHX,41,89,46.1,17,43,39.5,17,22,77.3,7,27,34,31,9,8,11,20
1125,MIA,40,88,45.5,16,42,38.1,20,20,100.0,9,30,39,32,7,3,15,16
1126,BKN,36,74,48.6,12,32,37.5,15,19,78.9,4,34,38,27,4,7,18,20
1127,OKC,45,95,47.4,10,34,29.4,16,20,80.0,8,28,36,28,13,9,17,17
1128,WAS,38,81,46.9,10,25,40.0,25,26,96.2,9,32,41,22,8,4,16,18
1129,CHA,43,84,51.2,14,29,48.3,8,14,57.1,6,32,38,31,11,6,21,26
1130,UTA,42,89,47.2,19,47,40.4,18,22,81.8,11,37,48,26,10,6,16,30
1131,MIL,38,87,43.7,11,40,27.5,23,29,79.3,14,36,50,20,5,5,16,21
1132,LAC,37,87,42.5,9,36,25.0,12,17,70.6,8,38,46,23,7,10,14,18
1133,TOR,46,92,50.0,14,34,41.2,33,40,82.5,12,32,44,25,13,9,7,22
1134,BKN,43,80,53.8,11,30,36.7,19,20,95.0,6,33,39,26,11,9,20,18
1135,SAS,36,86,41.9,16,40,40.0,19,25,76.0,14,38,52,27,6,7,20,21
1136,BOS,36,79,45.6,21,47,44.7,19,20,95.0,4,43,47,29,4,5,14,15
1137,DET,40,83,48.2,14,33,42.4,34,38,89.5,12,35,47,24,4,3,16,25
1138,LAC,36,86,41.9,11,39,28.2,8,13,61.5,8,31,39,24,3,6,15,15
1139,PHX,45,84,53.6,12,40,30.0,22,30,73.3,10,26,36,29,9,8,12,22
1140,DAL,41,83,49.4,11,35,31.4,21,28,75.0,5,32,37,15,10,1,4,22
1141,LAL,46,96,47.9,13,30,43.3,16,20,80.0,13,38,51,24,5,5,9,17
1142,CLE,41,89,46.1,23,50,46.0,16,19,84.2,10,33,43,33,3,5,14,22
1143,MIL,45,92,48.9,14,36,38.9,19,29,65.5,14,35,49,24,8,5,12,18
1144,CHA,43,102,42.2,10,31,32.3,24,31,77.4,15,40,55,32,2,2,10,14
1145,SAC,42,76,55.3,14,31,45.2,21,29,72.4,6,37,43,27,1,6,21,29
1146,DAL,38,95,40.0,8,40,20.0,27,34,79.4,12,37,49,17,8,5,16,30
1147,UTA,45,87,51.7,19,44,43.2,15,20,75.0,10,24,34,30,8,6,20,17
1148,CHI,36,80,45.0,11,31,35.5,26,29,89.7,9,31,40,22,7,3,18,20
1149,BKN,41,82,50.0,14,39,35.9,20,26,76.9,6,28,34,29,6,9,9,20
1150,WAS,41,86,47.7,12,30,40.0,23,28,82.1,9,29,38,25,5,3,13,23
1151,MIL,42,109,38.5,13,45,28.9,22,27,81.5,19,41,60,23,8,8,7,23
1152,SAS,46,86,53.5,16,38,42.1,21,26,80.8,8,34,42,37,7,3,21,17
1153,DET,37,86,43.0,7,32,21.9,31,38,81.6,14,28,42,18,2,4,11,22
1154,PHX,48,92,52.2,10,33,30.3,18,20,90.0,14,33,47,33,7,7,12,18
1155,TOR,33,86,38.4,9,39,23.1,15,24,62.5,15,30,45,20,9,5,17,15
1156,BOS,42,82,51.2,13,33,39.4,26,32,81.3,5,29,34,28,9,2,19,27
1157,ORL,42,85,49.4,10,37,27.0,19,26,73.1,5,43,48,28,8,5,12,22
1158,MIN,41,99,41.4,13,40,32.5,16,24,66.7,14,35,49,27,13,8,10,21
1159,POR,48,90,53.3,13,35,37.1,16,20,80.0,11,34,45,30,9,6,16,19
1160,DEN,39,85,45.9,17,37,45.9,22,34,64.7,17,41,58,18,2,4,12,18
1161,BKN,43,93,46.2,12,35,34.3,27,30,90.0,13,32,45,20,10,6,15,28
1162,GSW,46,92,50.0,18,46,39.1,13,15,86.7,16,34,50,30,4,2,21,13
1163,OKC,47,95,49.5,17,38,44.7,7,8,87.5,13,23,36,27,10,4,12,21
1164,SAC,40,83,48.2,12,38,31.6,18,22,81.8,9,31,40,28,5,2,13,20
1165,DET,42,91,46.2,14,32,43.8,15,22,68.2,10,30,40,23,4,6,14,25
1166,MIN,52,80,65.0,20,34,58.8,10,16,62.5,0,30,30,37,9,6,17,19
1167,MIL,39,88,44.3,10,36,27.8,22,29,75.9,14,40,54,21,8,12,19,22
1168,POR,34,78,43.6,12,37,32.4,18,26,69.2,11,27,38,20,9,4,19,17
1169,CLE,36,87,41.4,10,33,30.3,21,30,70.0,12,31,43,25,6,3,13,22
1170,DEN,42,92,45.7,9,34,26.5,17,21,81.0,9,45,54,34,12,5,11,17
1171,UTA,38,90,42.2,13,45,28.9,20,30,66.7,11,42,53,28,11,5,16,28
1172,NYK,52,97,53.6,11,30,36.7,19,22,86.4,12,34,46,26,5,11,16,24
1173,CHI,43,87,49.4,16,30,53.3,22,24,91.7,9,35,44,34,10,5,18,25
1174,TOR,46,84,54.8,16,37,43.2,11,14,78.6,6,33,39,32,9,5,9,21
1175,WAS,44,85,51.8,10,33,30.3,22,26,84.6,9,38,47,26,7,7,12,21
1176,NOP,44,76,57.9,12,27,44.4,13,18,72.2,4,22,26,25,7,3,14,21
1177,OKC,42,110,38.2,4,30,13.3,20,25,80.0,21,39,60,19,12,8,6,13
1178,PHX,47,92,51.1,12,29,41.4,28,34,82.4,14,34,48,31,8,4,14,19
1179,HOU,38,90,42.2,11,35,31.4,27,32,84.4,17,30,47,17,7,7,16,20
1180,NYK,43,93,46.2,11,37,29.7,18,25,72.0,18,32,50,24,7,3,14,24
1181,MEM,47,94,50.0,16,34,47.1,24,31,77.4,12,26,38,21,7,3,9,22
1182,MIA,29,83,34.9,8,34,23.5,24,27,88.9,8,38,46,19,5,3,12,15
1183,POR,48,83,57.8,16,35,45.7,23,31,74.2,9,36,45,23,3,6,10,15
1184,MIN,38,86,44.2,8,31,25.8,22,24,91.7,10,40,50,24,7,5,16,18
1185,PHI,38,80,47.5,19,43,44.2,25,28,89.3,7,32,39,25,8,7,8,20
1186,CHI,42,87,48.3,10,21,47.6,26,29,89.7,14,46,60,29,4,6,14,18
1187,CLE,41,96,42.7,13,33,39.4,22,25,88.0,16,32,48,19,10,5,13,20
1188,GSW,45,87,51.7,14,33,42.4,26,36,72.2,6,31,37,24,7,5,13,21
1189,ATL,39,95,41.1,8,35,22.9,23,28,82.1,16,29,45,23,8,9,12,21
1190,LAC,36,82,43.9,9,32,28.1,14,20,70.0,9,34,43,16,10,0,15,18
1191,NOP,48,102,47.1,8,27,29.6,17,22,77.3,14,31,45,30,8,6,17,22
1192,OKC,41,94,43.6,9,41,22.0,15,21,71.4,11,31,42,24,7,4,11,15
1193,LAL,41,92,44.6,6,33,18.2,16,20,80.0,10,30,40,26,9,9,13,24
1194,CHI,34,84,40.5,7,29,24.1,21,25,84.0,10,25,35,19,12,7,10,19
1195,MIL,48,85,56.5,16,31,51.6,13,21,61.9,8,39,47,29,6,10,16,22
1196,IND,45,103,43.7,16,42,38.1,18,24,75.0,20,39,59,28,7,15,11,21
1197,DEN,42,85,49.4,20,38,52.6,18,31,58.1,9,37,46,33,5,6,18,21
1198,MIA,38,76,50.0,11,30,36.7,25,27,92.6,6,38,44,28,2,2,16,26
1199,ORL,45,95,47.4,15,34,44.1,15,23,65.2,12,36,48,21,5,7,9,24
1200,PHI,37,84,44.0,10,31,32.3,21,28,75.0,12,28,40,26,6,5,12,15
1201,DAL,45,90,50.0,17,39,43.6,30,36,83.3,15,37,52,23,7,7,15,24
1202,SAC,40,85,47.1,14,35,40.0,15,26,57.7,9,30,39,24,5,5,12,21
1203,IND,51,104,49.0,11,35,31.4,21,22,95.5,14,28,42,32,8,6,16,34
1204,MIN,49,107,45.8,11,33,33.3,17,23,73.9,21,39,60,20,5,7,20,22
1205,CHA,44,97,45.4,13,34,38.2,11,14,78.6,11,26,37,30,9,4,14,24
1206,HOU,44,93,47.3,16,35,45.7,18,30,60.0,13,32,45,18,4,6,14,22
1207,POR,36,82,43.9,10,29,34.5,31,36,86.1,13,35,48,14,8,5,21,19
1208,NYK,50,95,52.6,16,38,42.1,14,22,63.6,11,39,50,29,4,6,12,26
1209,MIA,42,92,45.7,8,26,30.8,12,15,80.0,11,25,36,23,8,3,10,18
1210,GSW,42,88,47.7,15,44,34.1,24,27,88.9,7,28,35,34,10,3,19,23
1211,WAS,41,80,51.3,10,26,38.5,10,11,90.9,5,34,39,26,8,8,17,22
1212,ATL,40,89,44.9,13,31,41.9,15,16,93.8,9,37,46,26,10,2,17,22
1213,BKN,38,80,47.5,13,35,37.1,20,29,69.0,13,31,44,26,3,13,13,19
1214,LAL,33,94,35.1,9,45,20.0,22,26,84.6,8,30,38,23,13,5,10,24
1215,PHI,36,83,43.4,5,24,20.8,11,13,84.6,6,38,44,17,6,5,10,14
1216,SAC,39,85,45.9,17,44,38.6,13,19,68.4,4,37,41,27,8,5,16,25
1217,BKN,40,89,44.9,10,33,30.3,18,24,75.0,9,30,39,22,10,10,16,25
1218,MIA,37,80,46.3,12,28,42.9,22,28,78.6,8,38,46,21,6,2,19,24
1219,PHX,40,85,47.1,8,22,36.4,19,22,86.4,8,32,40,25,4,5,12,29
1220,IND,39,97,40.2,15,42,35.7,14,21,66.7,12,30,42,21,7,5,15,20
1221,MIN,39,94,41.5,10,38,26.3,27,33,81.8,14,41,55,25,6,5,14,21
1222,UTA,42,83,50.6,16,38,42.1,23,31,74.2,11,32,43,27,10,1,20,21
1223,MEM,42,108,38.9,17,50,34.0,14,23,60.9,20,44,64,27,6,7,14,17
1224,TOR,36,86,41.9,13,30,43.3,23,32,71.9,12,29,41,19,15,4,13,23
1225,ATL,45,90,50.0,7,25,28.0,20,24,83.3,4,34,38,30,12,5,9,18
1226,DET,40,94,42.6,14,38,36.8,19,24,79.2,12,29,41,31,11,4,13,21
1227,SAS,40,99,40.4,7,34,20.6,15,21,71.4,14,30,44,22,8,8,15,19
1228,BOS,46,82,56.1,12,35,34.3,22,28,78.6,6,30,36,24,8,3,11,24
1229,GSW,45,99,45.5,16,45,35.6,17,23,73.9,11,37,48,31,11,4,18,23
